TIMESTAMP,OPEN,HIGH,LOW,CLOSE,TOPIC1,TOPIC2,TOPIC3,TOPIC4,TOPIC5,100
2013-04-28,134.44,149.08,133,144.00,0,0,0,0,0,
2013-04-29,144,146.93,134,139.23,4.6867749,95.1740139,0.0464037,0.0464037,0.0464037,
2013-04-30,139.23,140.06,104,116.38,0.0766284,38.3908046,34.559387,26.8965517,0.0766284,
2013-05-01,116.38,126.9,91.11,106.25,0,0,0,0,0,
2013-05-02,106.25,109,79,98.10,0.0687285,0.0687285,27.5601375,72.233677,0.0687285,
2013-05-03,98.1,116.3,92,112.90,0.0511509,84.4501279,15.3964194,0.0511509,0.0511509,
2013-05-04,112.9,118.85,107,115.98,0.3421671,40.932573,49.6544784,9.0640725,0.00671,
2013-05-05,115.98,124.9,106.01,112.25,0.0256082,57.6440461,3.8668374,38.4379001,0.0256082,
2013-05-06,112.25,114,97.52,109.60,0.0256082,56.3636364,43.5595391,0.0256082,0.0256082,
2013-05-07,109.6,116.78,109.5,113.20,0,0,0,0,0,
2013-05-08,113.2,113.72,108.8,112.80,0,0,0,0,0,
2013-05-09,112.8,122.5,111.54,117.70,0.1324503,79.602649,20,0.1324503,0.1324503,
2013-05-10,117.7,118.74,113,115.64,0.021254,58.4697131,0.021254,41.466525,0.021254,
2013-05-11,115.64,117.47,112.4,114.82,0,0,0,0,0,
2013-05-12,114.82,118.88,114.5,117.98,0,0,0,0,0,
2013-05-13,117.98,119.8,109.42,111.40,0,0,0,0,0,
2013-05-14,111.4,116.44,103.02,114.22,0.0322061,43.510467,46.7310789,9.6940419,0.0322061,
2013-05-15,114.22,118.97,112.1,118.21,0.0766284,61.3793103,0.0766284,38.3908046,0.0766284,
2013-05-16,118.21,125.56,116.57,123.50,0,0,0,0,0,
2013-05-17,123.5,125.31,122.25,123.21,0.104712,0.104712,0.104712,99.5811518,0.104712,
2013-05-18,123.21,124.5,119.5,122.50,0.00896,48.4177499,32.7297176,0.00896,18.8346033,
2013-05-19,122.5,123.69,120.1,122.02,0,0,0,0,0,
2013-05-20,122.02,123.08,121.1,122.89,0,0,0,0,0,
2013-05-21,122.89,124.5,122,123.80,0.00602,68.6600422,31.321891,0.00602,0.00602,
2013-05-22,123.8,126.93,123,126.30,0.0156128,51.537861,10.1639344,23.4348165,14.8477752,
2013-05-23,126.3,133.98,125.36,133.10,0.021254,70.1594049,0.021254,29.7768332,0.021254,
2013-05-24,133.1,133.5,128.2,131.99,0,0,0,0,0,
2013-05-25,131.99,136,130.61,133.50,0.0554017,85.9279778,0.0554017,13.9058172,0.0554017,
2013-05-26,133.5,135.47,124,129.77,0,0,0,0,0,
2013-05-27,129.77,130.63,125.4,129.00,0,0,0,0,0,
2013-05-28,129,132.72,127.6,132.25,0.0344234,43.0636833,56.8330465,0.0344234,0.0344234,
2013-05-29,132.25,132.4,126.5,128.80,0.0266312,54.620506,45.2996005,0.0266312,0.0266312,
2013-05-30,128.8,130,126.33,128.82,0.0181653,49.972752,49.972752,0.0181653,0.0181653,
2013-05-31,128.82,129.79,127.1,129.30,0.0738007,81.2546125,0.0738007,18.5239852,0.0738007,
2013-06-01,129.3,130.1,115,122.50,0,0,0,0,0,
2013-06-02,122.5,122.78,115.11,120.74,0,0,0,0,0,
2013-06-03,120.74,123.99,118.79,121.40,0,0,0,0,0,
2013-06-04,121.4,123.5,119.5,121.90,0.0338409,28.7986464,22.0304569,49.1032149,0.0338409,
2013-06-05,121.9,123.3,117,118.97,0,0,0,0,0,
2013-06-06,118.97,119.13,106.15,111.00,0,0,0,0,0,
2013-06-07,111,113.19,107,107.89,0,0,0,0,0,
2013-06-08,107.89,108.99,88,100.44,0,0,0,0,0,
2013-06-09,100.44,110.63,95,106.35,0,0,0,0,0,
2013-06-10,106.35,109.6,103.23,109.00,0.3921569,98.4313725,0.3921569,0.3921569,0.3921569,
2013-06-11,109,112.25,106,108.78,0,0,0,0,0,
2013-06-12,108.78,110.3,100.3,103.95,0,0,0,0,0,
2013-06-13,103.95,104.7,97.1,100.00,0.0399202,37.9640719,12.0159681,49.9401198,0.0399202,
2013-06-14,100,103.7,97.5,99.80,0,0,0,0,0,
2013-06-15,99.8,101.75,98.9,99.90,0.0201816,20.2018163,60.5650858,19.1927346,0.0201816,
2013-06-16,99.9,102.4,98.9,101.95,0,0,0,0,0,
2013-06-17,101.95,113.3,101.03,107.35,0.0443459,37.7383592,2.2616408,59.9113082,0.0443459,
2013-06-18,107.35,110.99,104.66,108.25,0,0,0,0,0,
2013-06-19,108.25,114.48,107.12,111.29,0.00862,35.3382163,48.2636794,16.3808703,0.00862,
2013-06-20,111.29,115.01,107.56,109.50,0,0,0,0,0,
2013-06-21,109.5,109.96,107.51,108.20,0.01998,61.958042,0.01998,37.982018,0.01998,
2013-06-22,108.2,109,106.2,107.90,0.0214823,22.5778733,17.207304,60.1718582,0.0214823,
2013-06-23,107.9,108.33,100.76,102.09,0.0554017,99.7783934,0.0554017,0.0554017,0.0554017,
2013-06-24,102.09,109.98,100,103.33,0,0,0,0,0,
2013-06-25,103.33,105.49,101.83,104.00,0,0,0,0,0,
2013-06-26,104,104,100.06,101.74,0.1526718,68.8549618,0.1526718,30.6870229,0.1526718,
2013-06-27,101.74,101.79,92.25,94.66,0.141844,14.3262411,85.248227,0.141844,0.141844,
2013-06-28,94.66,100.44,93,95.00,0,0,0,0,0,
2013-06-29,95,98.12,93.85,97.51,0.0298063,13.442623,20.8941878,65.6035768,0.0298063,
2013-06-30,97.51,98.18,86.01,88.05,0,0,0,0,0,
2013-07-01,88.05,92.57,87.51,90.41,0,0,0,0,0,
2013-07-02,90.41,91.2,76,78.89,19.663016,53.9230553,25.2794159,1.1288964,0.00562,
2013-07-03,78.89,84.27,72,80.04,0.0316957,61.8383518,0.0316957,38.066561,0.0316957,
2013-07-04,80.04,80.6,65.42,68.50,0,0,0,0,0,
2013-07-05,68.5,75,66.81,69.66,0,0,0,0,0,
2013-07-06,69.66,77,66.6,76.50,0.0904977,95.1131222,0.0904977,4.6153846,0.0904977,
2013-07-07,76.5,80,72.46,76.00,34.750056,63.2190092,2.0219682,0.00448,0.00448,
2013-07-08,76,78.3,72.51,76.70,0,0,0,0,0,
2013-07-09,76.7,89.84,75.53,88.00,0.0219539,93.3260154,2.2173436,0.0219539,4.4127333,
2013-07-10,88,90.7,85,88.98,0.0140746,16.1998593,83.757917,0.0140746,0.0140746,
2013-07-11,88.98,104.17,88,93.99,0.104712,0.104712,0.104712,99.5811518,0.104712,
2013-07-12,93.99,98.32,87.76,98.32,0,0,0,0,0,
2013-07-13,98.32,99,92.86,94.42,0,0,0,0,0,
2013-07-14,94.42,101.94,93.11,98.89,0,0,0,0,0,
2013-07-15,98.89,100.73,96,97.10,0,0,0,0,0,
2013-07-16,97.1,100,96.18,98.50,0,0,0,0,0,
2013-07-17,98.5,98.8,86.2,90.07,0,0,0,0,0,
2013-07-18,90.07,95.2,87.6,92.00,0,0,0,0,0,
2013-07-19,92,93.1,89.27,89.82,0,0,0,0,0,
2013-07-20,89.82,92,88,92.00,0,0,0,0,0,
2013-07-21,92,92,89.8,91.60,0,0,0,0,0,
2013-07-22,91.6,97.13,91.6,95.56,0,0,0,0,0,
2013-07-23,95.56,95.99,92.3,95.09,0,0,0,0,0,
2013-07-24,95.09,97.48,93.57,96.95,0.0099,38.1098466,33.1618011,28.7085601,0.0099,
2013-07-25,96.95,97.48,96,96.02,0,0,0,0,0,
2013-07-26,96.02,97,93,94.40,0,0,0,0,0,
2013-07-27,94.4,100.58,94,98.78,0,0,0,0,0,
2013-07-28,98.78,102.85,98.45,101.48,0,0,0,0,0,
2013-07-29,101.48,107.99,100.47,107.96,0,0,0,0,0,
2013-07-30,107.96,111.65,103.55,106.21,0,0,0,0,0,
2013-07-31,106.21,108,103,104.00,0,0,0,0,0,
2013-08-01,104,108,101.21,104.50,0.0623053,49.9065421,31.2149533,18.7538941,0.0623053,
2013-08-02,104.5,105.89,102,104.95,0,0,0,0,0,
2013-08-03,104.95,106,103.5,105.12,0.00223,18.0805714,11.1617007,70.7532641,0.00223,
2013-08-04,105.12,107.77,105,106.72,0,0,0,0,0,
2013-08-05,106.72,107.5,105.11,106.56,0,0,0,0,0,
2013-08-06,106.56,106.96,105.22,105.99,0.0316957,58.6687797,41.2361331,0.0316957,0.0316957,
2013-08-07,105.99,106.65,100.96,103.05,0,0,0,0,0,
2013-08-08,103.05,105.79,101.94,102.80,0,0,0,0,0,
2013-08-09,102.8,103.9,102.38,103.00,11.5202907,66.0327075,1.8291944,20.6056935,0.0121139,
2013-08-10,103,105.19,102.7,105.00,0,0,0,0,0,
2013-08-11,105,108.12,103.5,106.81,0,0,0,0,0,
2013-08-12,106.81,109.64,104.5,109.60,0,0,0,0,0,
2013-08-13,109.6,115,108,112.56,0.016116,80.5962933,13.7147462,5.6567284,0.016116,
2013-08-14,112.56,113.32,108.78,109.99,0,0,0,0,0,
2013-08-15,109.99,112.3,108.21,108.99,0,0,0,0,0,
2013-08-16,108.99,114,108.23,112.75,0.1104972,99.558011,0.1104972,0.1104972,0.1104972,
2013-08-17,112.75,114.69,112,113.38,0,0,0,0,0,
2013-08-18,113.38,123.75,111.77,118.50,0,0,0,0,0,
2013-08-19,118.5,123.01,116.82,121.20,0.00557,55.700362,18.663325,11.144528,14.4862155,
2013-08-20,121.2,125,119.68,123.30,0.0486618,31.6788321,0.0486618,68.1751825,0.0486618,
2013-08-21,123.3,124.49,120.54,122.00,0,0,0,0,0,
2013-08-22,122,122,118.44,118.51,0,0,0,0,0,
2013-08-23,118.51,121.39,118.02,119.60,0,0,0,0,0,
2013-08-24,119.6,122.99,119.14,122.11,0,0,0,0,0,
2013-08-25,122.11,122.97,119.92,120.07,0,0,0,0,0,
2013-08-26,120.07,133,120,131.29,0,0,0,0,0,
2013-08-27,131.29,131.72,128.02,128.76,0.0252845,78.4070796,10.1390645,11.403287,0.0252845,
2013-08-28,128.76,131.2,128.18,129.30,0.0664452,43.255814,46.5780731,10.0332226,0.0664452,
2013-08-29,129.3,142.76,128.56,138.03,13.9058172,69.3074792,16.6759003,0.0554017,0.0554017,
2013-08-30,138.03,148.7,135.89,141.00,0,0,0,0,0,
2013-08-31,141,147.29,141,146.01,0,0,0,0,0,
2013-09-01,146.01,148.5,142.11,144.00,0,0,0,0,0,
2013-09-02,144,148.91,142.2,144.00,0.1324503,53.1125828,0.1324503,46.4900662,0.1324503,
2013-09-03,144,145.8,130.09,132.51,21.6172507,72.8301887,5.4447439,0.0539084,0.0539084,
2013-09-04,132.51,137.97,127.24,130.20,0.0391389,48.962818,45.0489237,5.9099804,0.0391389,
2013-09-05,130.2,134,121.9,121.90,0.0829876,70.6224066,29.1286307,0.0829876,0.0829876,
2013-09-06,121.9,131.02,121.25,128.99,0,0,0,0,0,
2013-09-07,128.99,129.87,124.06,126.32,0,0,0,0,0,
2013-09-08,126.32,137.48,124,133.10,0,0,0,0,0,
2013-09-09,133.1,136.02,131.38,132.62,91.32116,8.6143931,0.0214823,0.0214823,0.0214823,
2013-09-10,132.62,145.9,127.5,142.10,0,0,0,0,0,
2013-09-11,142.1,145.52,137.51,139.35,0,0,0,0,0,
2013-09-12,139.35,145.6,137.82,140.66,0,0,0,0,0,
2013-09-13,140.66,142,136.5,136.71,0.0143781,66.1538462,2.1710999,31.6462976,0.0143781,
2013-09-14,136.71,141,135.04,138.30,0,0,0,0,0,
2013-09-15,138.3,142.23,137.9,139.42,0,0,0,0,0,
2013-09-16,139.42,141.37,138,139.15,0.0256082,61.4852753,38.4379001,0.0256082,0.0256082,
2013-09-17,139.15,142,139.01,140.41,0.1169591,17.6608187,0.1169591,23.5087719,58.5964912,
2013-09-18,140.41,141.2,131.14,135.05,0,0,0,0,0,
2013-09-19,135.05,137.28,131,133.81,0,0,0,0,0,
2013-09-20,133.81,135.99,132,134.38,24.5053869,56.8266405,18.6287953,0.0195886,0.0195886,
2013-09-21,134.38,135,131,134.00,0,0,0,0,0,
2013-09-22,134,135,132,133.40,0,0,0,0,0,
2013-09-23,133.4,136.59,132.5,134.78,0,0,0,0,0,
2013-09-24,134.78,138,134.7,135.00,0,0,0,0,0,
2013-09-25,135,139,134.71,137.10,0.2469136,99.0123457,0.2469136,0.2469136,0.2469136,
2013-09-26,137.1,142.66,134.83,138.93,0,0,0,0,0,
2013-09-27,138.93,143,138.02,142.50,0.0243605,26.8209501,53.6175396,19.5127893,0.0243605,
2013-09-28,142.5,145.81,141.36,143.88,0.1980198,29.9009901,0.1980198,69.5049505,0.1980198,
2013-09-29,143.88,145.81,138.12,141.90,0.0486618,63.3090024,31.6788321,4.9148418,0.0486618,
2013-09-30,141.9,144.44,139.41,140.30,0,0,0,0,0,
2013-10-01,140.3,141.93,109.7,123.00,0.2469136,99.0123457,0.2469136,0.2469136,0.2469136,
2013-10-02,123,132,120.1,130.99,0.0738007,59.1143911,40.6642066,0.0738007,0.0738007,
2013-10-03,130.99,139.8,128.5,136.82,0,0,0,0,0,
2013-10-04,136.82,138,135.3,136.70,0,0,0,0,0,
2013-10-05,136.7,138,134.1,137.80,0,0,0,0,0,
2013-10-06,137.8,139,135.12,135.80,0,0,0,0,0,
2013-10-07,135.8,137.78,135.65,136.49,0,0,0,0,0,
2013-10-08,136.49,142.1,135.8,139.50,0,0,0,0,0,
2013-10-09,139.5,141.69,138.51,140.41,0,0,0,0,0,
2013-10-10,140.41,141.85,138.87,140.10,0.0112931,15.8215697,78.4980237,5.6578204,0.0112931,
2013-10-11,140.1,143.05,139.39,142.89,0.0524934,76.167979,7.9265092,15.8005249,0.0524934,
2013-10-12,142.89,147.65,141.5,147.53,0.0302572,74.1603631,0.0302572,16.6717095,9.107413,
2013-10-13,147.53,153.69,146.03,151.37,0,0,0,0,0,
2013-10-14,151.37,158.1,150.62,158.09,0.0073,59.4746443,25.180591,15.3301715,0.0073,
2013-10-15,158.09,162.99,144.2,152.82,1.6493719,52.4412889,0.010923,45.8874932,0.010923,
2013-10-16,152.82,159.94,150.75,157.59,0.2816901,84.7887324,14.3661972,0.2816901,0.2816901,
2013-10-17,157.59,168.29,156.49,168.28,0.1801802,81.2612613,0.1801802,18.1981982,0.1801802,
2013-10-18,168.28,195.8,167.08,183.15,0,0,0,0,0,
2013-10-19,183.15,186.1,177.24,186.10,0,0,0,0,0,
2013-10-20,186.1,197.37,183.18,192.78,0.0214823,71.9871106,27.9484425,0.0214823,0.0214823,
2013-10-21,192.78,205.5,192.79,202.99,0,0,0,0,0,
2013-10-22,202.99,227.98,200.7,227.97,0,0,0,0,0,
2013-10-23,227.97,233.38,175.3,206.98,20,20,20,20,20,
2013-10-24,206.98,208.97,176.6,197.88,0.0399202,27.9840319,0.0399202,71.8962076,0.0399202,
2013-10-25,197.88,198.41,186.99,188.56,0,0,0,0,0,
2013-10-26,188.56,207.81,188.95,206.91,0,0,0,0,0,
2013-10-27,206.91,209.79,200.42,206.90,0,0,0,0,0,
2013-10-28,206.9,216.5,204.2,216.00,0.0443459,86.518847,13.3481153,0.0443459,0.0443459,
2013-10-29,216,216.49,203.99,208.00,0.3921569,0.3921569,0.3921569,78.8235294,20,
2013-10-30,208,214.99,205.43,211.17,7.3715125,73.4508076,19.1189427,0.0293686,0.0293686,
2013-10-31,211.17,214.95,209.71,213.43,0.0391389,68.5322896,5.9099804,25.4794521,0.0391389,
2013-11-01,213.43,214.86,211,211.69,10.1639344,57.782982,1.5768931,30.4605777,0.0156128,
2013-11-02,211.69,226.95,212.1,224.00,0,0,0,0,0,
2013-11-03,224,238.98,221.95,238.16,0.4878049,0.4878049,24.8780488,73.6585366,0.4878049,
2013-11-04,238.16,258.87,229,251.30,0,0,0,0,0,
2013-11-05,251.3,272.52,251.41,264.10,0,0,0,0,0,
2013-11-06,264.1,324.21,263.6,309.65,0.2197802,99.1208791,0.2197802,0.2197802,0.2197802,
2013-11-07,309.65,358,308.01,355.00,0.00743,47.5733928,5.5815682,46.8301747,0.00743,
2013-11-08,355,394.99,339.99,367.79,0.0127307,40.1145767,5.1050286,54.7549332,0.0127307,
2013-11-09,367.79,372.52,289.96,336.32,0.0178412,23.2114184,13.3987511,63.3541481,0.0178412,
2013-11-10,336.32,375.99,321.41,362.98,0,0,0,0,0,
2013-11-11,362.98,391.79,358.97,380.04,17.0158162,35.8161743,4.1838257,11.9427037,31.0414802,
2013-11-12,380.04,444.97,372.17,434.85,7.3375541,57.6541153,15.0016661,20,0.00666,
2013-11-13,434.85,447.49,402.54,433.40,22.9938519,53.4669874,12.0342155,11.499599,0.00535,
2013-11-14,433.4,457.92,412.97,433.92,0.060423,69.5468278,0.060423,30.2719033,0.060423,
2013-11-15,433.92,476.94,427.98,461.96,0.010983,71.4003295,28.5667216,0.010983,0.010983,
2013-11-16,461.96,536.75,456.98,528.30,23.0534351,68.8549618,7.7862595,0.1526718,0.1526718,
2013-11-17,528.3,787.93,521.98,785.43,15.0832672,58.6994449,26.185567,0.0158604,0.0158604,
2013-11-18,785.43,900.92,502.61,645.69,4.0961391,64.1830734,23.2728203,0.00511,8.4428535,
2013-11-19,645.69,649.99,453.29,637.97,0.0293686,0.0293686,29.3979442,70.5139501,0.0293686,
2013-11-20,637.97,784.32,595.19,764.91,0.00339,75.5837994,5.4261989,7.7986782,11.1879342,
2013-11-21,764.91,821.99,682.28,802.00,0.0145879,55.4485777,44.5076586,0.0145879,0.0145879,
2013-11-22,802,890.03,799.54,832.50,0.0322061,75.7165862,24.1867955,0.0322061,0.0322061,
2013-11-23,832.5,854.99,745.21,795.01,0.0097,45.6186317,54.3522562,0.0097,0.0097,
2013-11-24,795.01,849.99,758.95,829.99,0.0249688,67.4406991,32.4843945,0.0249688,0.0249688,
2013-11-25,829.99,974.96,825.08,969.96,0.0214823,54.8012889,32.244898,12.9108485,0.0214823,
2013-11-26,969.96,1094.78,914.27,1079.89,1.0099653,32.5853768,28.5544732,37.8479454,0.00224,
2013-11-27,1079.89,1224.48,1032.06,1101.38,3.8611953,63.3489397,13.7758193,19.0085376,0.00551,
2013-11-28,1101.38,1241.92,1049.96,1206.93,15.6032823,46.7044879,37.6881775,0.00203,0.00203,
2013-11-29,1206.93,1232.94,1150.16,1205.66,1.7286383,56.6412214,35.2179266,6.4072888,0.00492,
2013-11-30,1205.66,1216.84,840.27,1004.39,3.9739044,67.5109913,10.6396256,17.8726422,0.00284,
2013-12-01,1004.39,1117.73,974.97,1096.56,0.00138,74.8233179,16.0445336,8.5761704,0.5545951,
2013-12-02,1096.56,1185.63,1064.91,1154.86,0.00137,54.1557281,23.7110851,14.1584771,7.9733352,
2013-12-03,1154.86,1239.7,1131.35,1237.55,0.00125,48.0257968,28.5530023,21.0393839,2.3805648,
2013-12-04,1237.55,1239.86,869.99,1106.35,19.0029014,60.5622982,18.2264722,2.2075109,0.000817,
2013-12-05,1106.35,1118.93,800.07,845.02,0.00161,66.2331802,28.9275643,4.8360326,0.00161,
2013-12-06,845.02,895.96,576.03,697.02,0.002,50.7461792,25.6737589,9.291779,14.2862851,
2013-12-07,697.02,828.96,653.03,803.96,9.1848725,50.6542696,30.5755519,7.53066,2.0546461,
2013-12-08,803.96,980.03,787.73,918.95,0.00143,43.2744439,36.7656105,19.9570846,0.00143,
2013-12-09,918.95,1067.7,911.96,1033.72,0.00204,58.6273108,22.5737923,18.7948116,0.00204,
2013-12-10,1033.72,1056.76,856.06,919.93,0.00251,65.1953272,27.2603944,7.5392539,0.00251,
2013-12-11,919.93,940.98,839.51,899.98,0.0017,45.4060029,38.8589406,15.7316555,0.0017,
2013-12-12,899.98,989.89,882.11,936.77,0.00163,56.4868174,20.081626,23.4282916,0.00163,
2013-12-13,936.77,947.93,875.11,908.94,0.0836683,52.5814125,31.5002871,15.8329916,0.00164,
2013-12-14,908.94,927.9,837.98,919.88,0.00156,35.5906861,41.3534771,23.0527218,0.00156,
2013-12-15,919.88,924.94,714.03,759.92,2.489203,54.707499,33.3752127,8.7711033,0.6569821,
2013-12-16,759.92,779.96,678.88,714.97,0.00147,44.979855,51.5727786,3.4444363,0.00147,
2013-12-17,714.97,716.99,454.86,540.98,0.00139,43.6613049,37.8817631,18.4541466,0.00139,
2013-12-18,540.98,745.96,522.44,731.95,22.8794005,54.5330835,15.7795089,3.1574795,3.6505276,
2013-12-19,731.95,774.39,621.25,649.96,0.00146,37.087265,51.5704777,11.3393314,0.00146,
2013-12-20,649.96,690,610,640.48,0.00212,67.7915475,21.8218409,10.3823747,0.00212,
2013-12-21,640.48,699.91,614.95,639.49,0.00246,62.6023859,28.4122494,8.9804452,0.00246,
2013-12-22,639.49,724.92,631.01,713.24,0.0042,62.3860534,37.6013443,0.0042,0.0042,
2013-12-23,713.24,729.94,665.98,702.75,1.3612281,47.6864556,47.8223068,3.1272925,0.00272,
2013-12-24,702.75,709.95,673.93,707.25,0.00198,32.1098008,52.2267367,15.6594986,0.00198,
2013-12-25,707.25,829.63,707.21,801.98,0.00219,34.9710414,38.3586493,26.6659381,0.00219,
2013-12-26,801.98,836.83,767.87,803.05,0.00174,47.8689949,41.353488,10.7740422,0.00174,
2013-12-27,803.05,805.97,715.6,761.99,0.00241,44.3878905,40.8901218,14.7171632,0.00241,
2013-12-28,761.99,803.95,734.98,784.96,0.00278,45.7544152,44.2247254,10.0152969,0.00278,
2013-12-29,784.96,818.83,780.96,804.83,0.00213,62.8952137,27.7177273,9.382795,0.00213,
2013-12-30,804.83,813.94,776.96,805.94,1.3719895,70.4280333,18.150896,10.0467983,0.00228,
2013-12-31,805.94,829.93,770.97,815.94,0.00239,47.6613579,30.7771524,21.3172075,0.2418872,
2014-01-01,815.94,886.21,810.47,856.91,0.0901777,63.3913889,21.7505084,14.7661568,0.00177,
2014-01-02,856.91,888.23,839.44,884.26,0.00213,63.4282059,33.1542479,3.4132822,0.00213,
2014-01-03,884.26,932.16,848.32,924.69,0.00191,49.1853691,25.2144017,25.5964091,0.00191,
2014-01-04,924.69,1029.86,911.36,1014.74,0.00224,65.0173747,16.2560251,18.7221164,0.00224,
2014-01-05,1014.74,1093.44,964.74,1012.65,0.00276,50.4785547,31.170873,18.3450559,0.00276,
2014-01-06,1012.65,1043.98,879.85,879.90,0.00259,53.7521046,24.8698355,21.3728792,0.00259,
2014-01-07,879.9,966.9,858.9,938.84,0.00222,64.6291985,19.955659,15.4107083,0.00222,
2014-01-08,938.84,964.64,866.55,936.95,0.00118,49.2344751,33.2542154,12.9263851,4.5837495,
2014-01-09,936.95,964.84,905.88,957.76,3.2465689,58.6180786,21.7037388,16.4302616,0.00135,
2014-01-10,957.76,1010.84,935,1005.32,0.00202,51.7174375,32.4886145,15.7898998,0.00202,
2014-01-11,1005.32,1022.67,922.07,939.79,0.0015,45.527759,46.8048982,7.6643378,0.0015,
2014-01-12,939.79,949.24,879.94,922.91,7.7788223,61.2785232,16.9233399,13.6757542,0.3435604,
2014-01-13,922.91,942.47,904.19,919.28,3.9737224,65.8482927,26.8138416,3.3626155,0.00153,
2014-01-14,919.28,973.09,915.06,941.22,0.000922,49.7911576,38.6805588,11.5264395,0.000922,
2014-01-15,941.22,955.53,910.5,913.49,0.00192,49.468831,23.8228796,26.7044472,0.00192,
2014-01-16,913.49,929.75,867.22,894.16,0.00167,56.5440747,28.6064548,14.8461346,0.00167,
2014-01-17,894.16,924.74,884.74,905.72,0.00877,52.1788689,16.2297238,31.5738711,0.00877,
2014-01-18,905.72,958.07,901.88,954.80,0.00284,56.7323784,19.8581761,23.4037725,0.00284,
2014-01-19,954.8,980.54,925.96,955.95,0.000931,50.8136556,43.594616,5.5898654,0.000931,
2014-01-20,955.95,974.25,943.18,962.21,0.00142,51.0994243,38.3782247,10.5195082,0.00142,
2014-01-21,962.21,973.94,934.95,950.95,0.00138,45.094952,24.5853187,30.3169671,0.00138,
2014-01-22,950.95,958.06,936.27,944.16,0.00176,54.670664,25.4845252,19.8412838,0.00176,
2014-01-23,944.16,949.52,902.89,916.55,0.00254,62.1293355,13.7237962,24.1417863,0.00254,
2014-01-24,916.55,978.41,915.86,961.05,0.00182,52.3131414,21.525747,26.1574789,0.00182,
2014-01-25,961.05,1038.06,950.66,1007.00,0.000873,34.8597356,29.7988744,22.2948388,13.0456786,
2014-01-26,1007,1021.45,937.23,943.54,0.00167,39.4456076,18.928063,41.6229796,0.00167,
2014-01-27,943.54,972.61,911.65,932.68,2.8579873,47.6341067,21.6747943,27.8321265,0.000985,
2014-01-28,932.68,950.56,918.86,925.67,0.00137,41.0540744,32.1444726,26.7987115,0.00137,
2014-01-29,925.67,953.24,909.46,941.39,3.8841019,53.4059275,20.6438784,22.0641985,0.00189,
2014-01-30,941.39,954.71,924.59,938.85,0.00123,42.7242035,44.8726291,12.400712,0.00123,
2014-01-31,938.85,969.19,927.8,940.42,1.0961904,44.6095326,28.5297677,25.7633566,0.00115,
2014-02-01,940.42,959.38,934.41,953.31,0.00256,31.4563355,42.8359545,25.7025956,0.00256,
2014-02-02,953.31,959.58,931.67,931.71,0.000924,54.2498036,25.7391063,20.0092417,0.000924,
2014-02-03,931.71,949.1,900.76,926.64,0.00116,44.4430225,29.6096795,25.9449712,0.00116,
2014-02-04,926.64,939.75,890.05,904.52,0.00106,45.5876605,22.8735936,31.536633,0.00106,
2014-02-05,904.52,908.77,800.93,828.87,2.6654675,50.3321009,34.243363,12.7584025,0.000666,
2014-02-06,828.87,833.07,651.73,695.65,1.0708856,52.1941332,38.0057429,8.7281122,0.00113,
2014-02-07,695.65,719.26,632.08,648.78,0.00119,42.5835269,37.5212912,18.7612411,1.1327497,
2014-02-08,648.78,694.12,622.53,659.57,1.364901,49.5892204,42.388304,6.6564836,0.00109,
2014-02-09,659.57,700.04,500.04,582.63,11.2997242,57.8252634,26.3540594,4.5202885,0.000665,
2014-02-10,582.63,609.71,550.22,578.96,4.4363804,47.4638558,39.687806,8.4108058,0.00115,
2014-02-11,578.96,585.12,511.9,531.13,4.7567611,51.5908266,25.7555117,17.8960945,0.000806,
2014-02-12,531.13,549.2,451.33,451.44,0.00078,45.3968254,48.2048282,6.3967864,0.00078,
2014-02-13,451.44,500.03,302.18,427.68,0.00277,33.4239357,50.4812093,16.089308,0.00277,
2014-02-14,427.68,447.94,310.08,371.07,4.9700675,44.2007388,25.4770093,17.7072984,7.644886,
2014-02-15,371.07,540.03,220.37,299.80,2.5486257,64.0350791,23.6646906,9.7506247,0.00098,
2014-02-16,299.8,411.21,263.36,272.28,0.0576239,38.9254844,27.7396757,33.2760861,0.00113,
2014-02-17,272.28,370.12,248.31,293.95,0.00315,59.6787907,22.3618328,17.9530783,0.00315,
2014-02-18,293.95,308.63,257.24,261.53,0.00153,48.4269405,34.9413838,16.6286108,0.00153,
2014-02-19,261.53,271.61,109.22,111.92,3.16533,53.124862,28.0347289,15.6736075,0.00147,
2014-02-20,111.92,160.15,91.66,111.56,0.00222,49.7749695,44.6757566,4.9905775,0.5564793,
2014-02-21,111.56,290.59,96.72,255.59,0.2991478,46.4823312,40.1060723,13.1112568,0.00119,
2014-02-22,255.59,349.15,220.31,310.17,0.0019,49.5698414,34.1866869,16.2396733,0.0019,
2014-02-23,310.17,316.88,131.85,174.00,0.3180651,48.7158318,36.5436215,14.4219523,0.000529,
2014-02-24,174,174.64,102.33,135.78,0.00057,39.0641841,45.7363634,15.198312,0.00057,
2014-02-25,135.78,650,522.84,593.14,0.000908,52.4962536,38.1917261,9.3102039,0.000908,
2014-02-26,593.14,629.9,580.5,596.49,0.000887,42.3681292,43.0335832,14.4634222,0.1339781,
2014-02-27,596.49,599,570,573.94,0.00124,56.6190211,28.2173133,15.1611905,0.00124,
2014-02-28,573.94,564.07,262.77,557.39,0.00148,53.7696916,36.6111974,9.6161527,0.00148,
2014-03-01,557.39,562.93,541.54,544.56,0.00104,52.6490307,21.3616756,25.1556572,0.8325971,
2014-03-02,544.56,695.44,545.42,662.18,0.000949,60.149898,31.5933779,7.1163607,1.1394146,
2014-03-03,662.18,686.22,645.16,661.85,2.5961016,49.7869772,27.7605455,19.8551687,0.00121,
2014-03-04,661.85,665.97,636.77,658.30,0.000886,54.2943182,19.3534387,26.3504716,0.000886,
2014-03-05,658.3,661.83,636.22,648.26,0.4472237,51.0320762,18.9559197,29.5642221,0.000558,
2014-03-06,648.26,655.2,600.31,616.73,0.00126,57.2481326,17.3259682,25.4233884,0.00126,
2014-03-07,616.73,625.68,588.58,609.21,0.00125,61.3767162,18.8715441,19.749232,0.00125,
2014-03-08,609.21,637.6,598.51,627.05,0.000837,52.1343327,26.758511,20.6029898,0.503329,
2014-03-09,627.05,633.68,594.7,612.97,1.9057193,57.6170573,26.0843342,14.3918311,0.00106,
2014-03-10,612.97,619.7,599.92,608.69,0.00104,44.3682217,27.5035027,28.1262,0.00104,
2014-03-11,608.69,640.79,608.2,619.43,0.00464,33.1755973,38.5107864,28.3043377,0.00464,
2014-03-12,619.43,636.13,616.06,625.04,2.4645876,48.3186832,37.4570293,10.8627736,0.8969263,
2014-03-13,625.04,631.23,610.61,614.03,3.5769109,59.1967196,24.1846283,6.2054463,6.8362948,
2014-03-14,614.03,628.83,609.18,624.03,0.00142,66.9464298,21.6559338,4.1766329,7.2195881,
2014-03-15,624.03,627.28,613.17,619.14,0.00217,32.3899576,34.128899,33.476796,0.00217,
2014-03-16,619.14,622.49,602.74,606.38,0.00443,56.3112392,23.7242297,19.9556639,0.00443,
2014-03-17,606.38,611.72,585.66,598.93,32.9386979,28.2112944,24.9226658,7.1435178,6.7838241,
2014-03-18,598.93,607.08,590.14,594.96,0.00522,49.6006265,22.7146959,27.6742365,0.00522,
2014-03-19,594.96,598.41,560.35,565.99,0.00319,55.8156594,13.7171105,30.4608515,0.00319,
2014-03-20,565.99,587.42,540.22,549.60,2.3441821,61.4805361,24.0416933,12.1293342,0.00425,
2014-03-21,549.6,569.96,537.16,564.34,0.00199,61.3662993,26.1165723,10.4279615,2.087181,
2014-03-22,564.34,564.32,538.63,551.16,0.00323,59.7674043,28.7546438,10.5023421,0.9723793,
2014-03-23,551.16,572.52,531.27,567.56,28.4074986,41.4732058,12.5014202,15.1524333,2.4654422,
2014-03-24,567.56,569.66,550.43,562.89,4.6549355,54.2094765,26.9057223,14.0960064,0.1338593,
2014-03-25,562.89,575.42,546.26,562.45,2.459692,27.6205625,55.8180898,14.1002097,0.00145,
2014-03-26,562.45,567.75,460.45,460.45,0.00124,40.0977662,51.0500588,8.8496999,0.00124,
2014-03-27,460.45,514.95,453.75,482.61,0.00263,48.7445659,44.0021078,7.2480569,0.00263,
2014-03-28,482.61,494.28,473.78,477.11,0.00185,53.0034224,39.5911572,7.4017205,0.00185,
2014-03-29,477.11,479.04,424.03,446.92,0.1538344,46.2280101,44.4764298,9.1402026,0.00152,
2014-03-30,446.92,473.43,422.49,444.66,0.1538344,46.2280101,44.4764298,9.1402026,0.00152,
2014-03-31,444.66,487.35,438.03,463.45,0.00151,53.8436015,27.2996003,18.8537818,0.00151,
2014-04-01,463.45,480.27,409.25,424.37,0.9593355,50.3865638,42.4909863,6.1622016,0.000913,
2014-04-02,424.37,448.74,386.67,436.31,0.00139,48.7835681,39.1381584,12.0061064,0.0707793,
2014-04-03,436.31,456.46,415.51,444.36,0.00263,44.7925175,29.6429983,25.5592149,0.00263,
2014-04-04,444.36,461.17,439.37,456.63,0.00501,64.9010273,25.5625157,9.5264345,0.00501,
2014-04-05,456.63,472.38,446.3,455.69,2.4866476,67.0748975,25.3409514,5.0950193,0.00248,
2014-04-06,455.69,485.06,447.98,462.38,0.0018,53.3363415,29.3312878,17.3287609,0.0018,
2014-04-07,462.38,480.69,457.57,466.56,9.3984013,48.9440471,23.7021456,17.9526013,0.0028,
2014-04-08,466.56,479.66,451.07,457.34,2.3494895,62.671048,19.6009858,15.3761296,0.00235,
2014-04-09,457.34,463.45,384.63,384.63,0.00211,44.7813718,36.8791487,18.335265,0.00211,
2014-04-10,384.63,450.4,355.71,435.14,0.0021,49.9968491,34.4522634,15.5466863,0.0021,
2014-04-11,435.14,469.83,428.02,437.65,0.00249,53.9758736,26.6160925,19.4030593,0.00249,
2014-04-12,437.65,454.15,409.85,427.60,0.00356,60.8468244,35.5844156,3.3837395,0.1814624,
2014-04-13,427.6,497.83,420.08,478.38,0.002,55.9082256,33.2652039,10.8225629,0.002,
2014-04-14,478.38,526.63,466.43,526.43,0.00216,46.0512377,25.1886283,28.7558102,0.00216,
2014-04-15,526.43,549.05,496.08,536.95,0.00234,56.019179,35.9045726,8.0715706,0.00234,
2014-04-16,536.95,537.03,486.89,502.00,0.00242,61.1330347,30.0229996,8.8391236,0.00242,
2014-04-17,502,512.15,472,485.52,0.00425,35.5286109,47.8664114,16.5964688,0.00425,
2014-04-18,485.52,516.89,473.16,506.02,0.4166017,35.8433328,18.6494208,16.9871695,28.1034751,
2014-04-19,506.02,522.22,488.69,498.51,0.00732,53.4675943,42.1164409,4.4013182,0.00732,
2014-04-20,498.51,524.67,490.66,495.16,0.0049,52.4430287,17.4025974,30.1445724,0.0049,
2014-04-21,495.16,520.51,483.39,487.91,0.00222,63.9550662,24.8048048,11.2356801,0.00222,
2014-04-22,487.91,509.96,482.25,487.30,0.00455,47.3741744,21.8674562,30.7492598,0.00455,
2014-04-23,487.3,507.33,477.22,500.29,2.6998689,48.7256187,26.3680518,22.2049187,0.00154,
2014-04-24,500.29,502.49,438.33,464.49,3.5675059,44.3634548,34.2357892,17.8318237,0.00143,
2014-04-25,464.49,468.68,448.57,457.87,9.0734222,37.1335085,46.8504288,6.6937683,0.2488721,
2014-04-26,457.87,461.4,437.39,443.18,0.00653,44.7631493,25.4884025,29.7353806,0.00653,
2014-04-27,443.18,451.12,420.78,441.92,0.5212335,32.2936351,53.0599107,14.123144,0.00208,
2014-04-28,441.92,453.78,430.71,446.12,4.5392294,40.9223661,40.4273575,14.1093969,0.00165,
2014-04-29,446.12,452.64,430.89,445.63,0.00112,30.0943554,56.5585394,13.3448719,0.00112,
2014-04-30,445.63,464.49,444.51,460.13,0.00139,44.4659383,30.3402686,25.1910097,0.00139,
2014-05-01,460.13,463.38,442,453.67,3.7100273,37.0876776,27.8510951,30.3001889,1.0510111,
2014-05-02,453.67,454.2,429.09,438.65,0.00345,52.2358214,24.6543699,23.1029133,0.00345,
2014-05-03,438.65,446.61,428.79,436.05,0.00248,46.580549,45.3384673,8.0760154,0.00248,
2014-05-04,436.05,443.86,426.37,430.87,0.00122,27.4827859,69.1012126,3.4135641,0.00122,
2014-05-05,430.87,434.95,420.23,432.19,0.0014,30.2025086,56.5496461,13.2450424,0.0014,
2014-05-06,432.19,458.78,423.55,446.55,0.0015,38.2980965,52.8944398,8.8044541,0.0015,
2014-05-07,446.55,455.5,439.5,441.11,0.00314,32.8080364,42.068749,25.1169361,0.00314,
2014-05-08,441.11,455.78,438.5,445.45,0.0018,36.0847321,44.7015528,19.2101248,0.0018,
2014-05-09,445.45,459.46,441.43,451.90,0.00384,28.021493,43.7574362,28.2133947,0.00384,
2014-05-10,451.9,455.4,429.02,433.23,0.00141,44.5520343,22.7686038,32.6765512,0.00141,
2014-05-11,433.23,441.07,430.19,438.21,0.00128,38.0666624,42.3530164,19.5777621,0.00128,
2014-05-12,438.21,442.27,432.74,433.92,0.00151,39.0764115,38.9252513,18.972111,3.0247147,
2014-05-13,433.92,444.28,433.88,442.63,0.000904,60.685012,27.1121956,12.200985,0.000904,
2014-05-14,442.63,450.03,441.47,448.10,0.000789,31.5577295,15.4242436,53.0164491,0.000789,
2014-05-15,448.1,455.15,441.86,453.63,0.000975,37.3773208,41.3732274,21.2475026,0.000975,
2014-05-16,453.63,455.94,452.23,452.79,0.0012,29.7598946,50.6568469,19.5808634,0.0012,
2014-05-17,452.79,454,449.04,450.14,0.00194,64.8552899,30.7830801,4.3577582,0.00194,
2014-05-18,450.14,451.69,441.2,443.90,0.00107,32.0636963,39.4627634,28.4713956,0.00107,
2014-05-19,443.9,486.23,437.25,484.57,0.00215,41.2248412,36.5967065,22.174147,0.00215,
2014-05-20,484.57,495.21,481.73,488.84,0.00185,43.6207375,27.0788282,29.2967378,0.00185,
2014-05-21,488.84,519.25,485.55,515.36,2.2628528,44.7207954,24.316479,28.0863296,0.6135432,
2014-05-22,515.36,540.88,515.18,518.09,0.00299,70.0971454,20.1793454,9.717531,0.00299,
2014-05-23,518.09,526.65,510.42,520.46,0.00267,30.3462104,33.2869937,36.361449,0.00267,
2014-05-24,520.46,575.19,520.53,570.44,0.00218,34.3836362,55.1648352,10.4471766,0.00218,
2014-05-25,570.44,586.41,564.65,582.01,0.00218,42.7922716,45.4120729,11.7912892,0.00218,
2014-05-26,582.01,586.22,555.28,570.10,0.00199,32.4015552,34.4950653,33.0993919,0.00199,
2014-05-27,570.1,581.81,562.56,570.84,0.00135,39.9044479,17.7659646,42.3268959,0.00135,
2014-05-28,570.84,573.83,557.7,564.42,0.00195,34.9887925,61.3020173,3.7052919,0.00195,
2014-05-29,564.42,613.26,564.02,612.35,0.0076,34.2151273,25.0931205,40.6765488,0.0076,
2014-05-30,612.35,629.04,604.73,627.91,0.00228,49.0855256,46.9217629,3.9881562,0.00228,
2014-05-31,627.91,674.98,621.95,649.79,0.00226,41.9839747,10.2719783,47.7395328,0.00226,
2014-06-01,649.79,662.63,625.46,655.49,0.00454,41.3587821,49.084299,9.320609,0.2317655,
2014-06-02,655.49,676.47,631.42,669.43,0.00177,36.4347132,32.3570605,31.1160358,0.0904175,
2014-06-03,669.43,669.78,602.1,638.93,33.7617043,21.8211494,26.9753458,15.2925006,2.1492999,
2014-06-04,638.93,665.39,635.59,660.18,0.00235,39.7156621,48.1753025,12.1043356,0.00235,
2014-06-05,660.18,663.84,647.12,650.41,0.00232,38.7899199,34.8414818,26.3639531,0.00232,
2014-06-06,650.41,659.77,641.02,651.67,0.00233,53.6716836,13.653016,32.6706335,0.00233,
2014-06-07,651.67,658.88,648.67,651.05,0.0105764,50.2485457,33.8551031,15.8751983,0.0105764,
2014-06-08,651.05,652.12,639.08,644.35,0.00466,58.0330925,31.9319506,10.0256351,0.00466,
2014-06-09,644.35,661.44,641.68,655.62,5.7604269,50.6979357,25.9823059,17.556523,0.00281,
2014-06-10,655.62,663.04,642.28,642.95,0.3013671,39.1198483,34.8288594,25.7479293,0.002,
2014-06-11,642.95,643.8,591.12,597.13,0.0017,48.3380138,36.8496298,14.8089524,0.0017,
2014-06-12,597.13,619.14,594.87,610.35,4.700782,40.4367732,23.2575665,31.6040679,0.00081,
2014-06-13,610.35,613.77,563.68,583.42,0.00198,15.049995,2.8729829,1.5859816,80.4890605,
2014-06-14,583.42,587.83,560.85,582.29,0.00223,42.5838814,24.9715751,32.4400847,0.00223,
2014-06-15,582.29,606.14,580.45,599.08,0.00113,36.9922865,42.1158719,20.8895896,0.00113,
2014-06-16,599.08,608.43,594.86,605.09,35.3991904,29.0259237,23.8584101,9.4754974,2.2409784,
2014-06-17,605.09,614.4,603.61,606.21,0.00181,40.0524365,46.2001627,13.7437845,0.00181,
2014-06-18,606.21,612.58,598.67,600.17,0.00254,59.8424597,28.4614407,8.3877525,3.3058061,
2014-06-19,600.17,602.05,587.1,590.75,0.00128,56.9937745,24.5183236,10.8478275,7.6387908,
2014-06-20,590.75,599.21,584.82,597.04,0.00328,45.0778561,42.6192427,12.2963449,0.00328,
2014-06-21,597.04,610.08,591.99,603.62,2.1633305,56.4815337,28.0067663,13.34649,0.00188,
2014-06-22,603.62,604.65,582.86,591.17,0.00223,38.2792099,40.2879143,21.428412,0.00223,
2014-06-23,591.17,595.65,585.41,588.77,3.3487643,62.0340432,32.9762837,1.6394844,0.00142,
2014-06-24,588.77,589.56,566.88,568.45,2.9602603,57.6885909,31.0639976,8.285179,0.00197,
2014-06-25,568.45,582.71,565.85,582.70,0.0036,29.7279769,37.8346244,32.4301928,0.0036,
2014-06-26,582.7,603.94,580.14,602.23,0.00267,51.8673974,33.4206657,14.70659,0.00267,
2014-06-27,602.23,608.76,593.97,597.56,0.00275,34.0640022,41.7552534,24.1752507,0.00275,
2014-06-28,597.56,604.28,593.19,601.06,1.6650039,55.982707,26.7176588,15.6324133,0.00222,
2014-06-29,601.06,637.28,596.55,635.14,0.00278,31.3873073,35.9700042,32.6371337,0.00278,
2014-06-30,635.14,652.54,634.09,643.19,0.00298,33.9770526,31.5929072,34.4240799,0.00298,
2014-07-01,643.19,652.1,604.58,645.72,2.6283432,42.4055488,35.7322264,19.2328306,0.00105,
2014-07-02,645.72,646.4,633.58,638.03,0.8132241,37.9322559,37.2680983,23.9849458,0.00148,
2014-07-03,638.03,642.22,623.04,623.96,0.00224,49.9966447,36.7990158,13.1998658,0.00224,
2014-07-04,623.96,627.8,619.69,622.96,5.6272457,39.6844243,35.4663334,19.2188721,0.00312,
2014-07-05,622.96,629.44,622.65,626.65,0.00362,51.4435791,36.5911972,11.9579786,0.00362,
2014-07-06,626.65,627.93,607.32,613.60,0.00155,46.0150027,35.5749749,18.4069291,0.00155,
2014-07-07,613.6,619.65,609.35,615.32,0.00119,26.4315972,33.1734383,40.392578,0.00119,
2014-07-08,615.32,623.82,610.53,623.00,4.3335439,48.1924014,25.2702825,22.2019673,0.0018,
2014-07-09,623,624.95,611.66,618.39,0.00183,30.6839558,47.1208109,22.1915807,0.00183,
2014-07-10,618.39,633.62,616.11,632.90,0.562039,33.7055364,51.0708617,14.6596956,0.00187,
2014-07-11,632.9,638.59,625.9,635.90,0.00138,35.0987544,52.4409882,12.4575046,0.00138,
2014-07-12,635.9,638.64,627.54,628.03,0.00203,37.2312074,29.7039976,33.0607263,0.00203,
2014-07-13,628.03,628.99,616.06,618.32,3.9519823,50.7060496,23.0642868,22.2745222,0.00316,
2014-07-14,618.32,624.42,617.3,619.60,0.00306,53.4405145,34.6072577,11.9461032,0.00306,
2014-07-15,619.6,622.36,614.15,614.80,0.1179054,57.4523177,27.7447694,14.6826956,0.00231,
2014-07-16,614.8,632.55,610.01,626.58,5.038955,40.9478062,40.8306485,13.1814188,0.00117,
2014-07-17,626.58,630.15,617.92,627.47,0.00139,44.8138612,40.5692019,14.6141535,0.00139,
2014-07-18,627.47,634.14,625.14,627.04,0.00279,43.3719147,27.0561986,9.0670757,20.502022,
2014-07-19,627.04,627.93,619.96,620.98,0.0025,51.7460317,32.7484064,15.5005624,0.0025,
2014-07-20,620.98,625.93,615.02,625.13,0.00237,59.473996,24.9994077,15.5218576,0.00237,
2014-07-21,625.13,628.81,620,622.53,0.00165,41.8163788,42.7253946,15.4549211,0.00165,
2014-07-22,622.53,624.99,621,621.69,0.00371,68.6366166,14.1012799,17.2546837,0.00371,
2014-07-23,621.69,621.96,599.38,601.87,0.00252,59.9697008,24.2418887,15.7833607,0.00252,
2014-07-24,601.87,609.06,597.4,600.50,4.119362,46.1361688,40.6482593,9.09278,0.00343,
2014-07-25,600.5,602.98,593.25,596.00,52.3614715,24.8847504,19.2367577,3.5139673,0.00305,
2014-07-26,596,601.49,593.69,595.03,0.00331,59.3323418,28.7588828,11.9021649,0.00331,
2014-07-27,595.03,597.49,578.14,587.93,0.005,29.2476881,36.9957511,33.7465634,0.005,
2014-07-28,587.93,591.28,579.53,585.77,0.00394,50.6842832,37.0774995,12.2303293,0.00394,
2014-07-29,585.77,586.13,564.18,564.64,0.00264,62.742042,24.702153,12.5505217,0.00264,
2014-07-30,564.64,593.73,564.01,589.52,0.00254,59.3858647,27.5371146,13.0719452,0.00254,
2014-07-31,589.52,603.99,586.43,598.78,0.00413,59.0828341,27.271225,13.6376782,0.00413,
2014-08-01,598.78,598.91,587.42,591.72,0.00615,34.4570901,47.9913873,15.3860351,2.1593356,
2014-08-02,591.72,592.06,580.62,588.94,0.00181,54.5340713,38.6552944,6.8070048,0.00181,
2014-08-03,588.94,595.09,586.49,592.77,0.00298,35.1691253,17.8840709,46.9408434,0.00298,
2014-08-04,592.77,594.25,585.44,588.76,0.00196,52.2561634,35.1655044,12.5744033,0.00196,
2014-08-05,588.76,593.79,587.2,589.77,0.00362,51.8058323,36.4100706,11.776852,0.00362,
2014-08-06,589.77,595.08,587.92,592.80,0.00323,57.5745847,23.8703435,18.5486212,0.00323,
2014-08-07,592.8,608.2,592.08,595.85,0.00254,45.7982445,41.473095,12.7235721,0.00254,
2014-08-08,595.85,595.56,587.41,589.52,0.00355,56.1214704,26.8193926,17.0520334,0.00355,
2014-08-09,589.52,596.64,588.06,592.06,0.00202,25.5055156,66.4932699,7.9971663,0.00202,
2014-08-10,592.06,593.62,571.72,575.89,0.00257,43.9557897,34.8309986,21.2080709,0.00257,
2014-08-11,575.89,578.29,561.98,567.66,0.00123,47.2052053,33.7622,19.0301393,0.00123,
2014-08-12,567.66,573.51,523.15,542.10,0.00236,52.7148091,29.667888,17.6125753,0.00236,
2014-08-13,542.1,544.94,495.94,504.80,0.0023,40.1813799,33.4083343,26.0613018,0.3466881,
2014-08-14,504.8,515.24,483.21,496.45,0.00347,37.4319875,47.655519,14.9055623,0.00347,
2014-08-15,496.45,524.25,483.24,522.01,0.00287,45.9732797,43.3874443,10.6335297,0.00287,
2014-08-16,522.01,524.71,478.22,485.50,0.0022,54.6115811,39.9978024,5.3862213,0.0022,
2014-08-17,485.5,493.26,449.95,462.18,0.00189,38.3363233,45.9843263,15.6755736,0.00189,
2014-08-18,462.18,487.05,455.8,485.12,0.0011,36.8324996,33.479193,29.6861085,0.0011,
2014-08-19,485.12,521.84,468.51,516.78,0.00287,33.3314179,30.31461,36.3482258,0.00287,
2014-08-20,516.78,537.17,511.36,517.94,0.002,36.5983402,38.6981302,24.69953,0.002,
2014-08-21,517.94,524.44,500.57,516.10,0.8282068,46.0031218,36.4539528,16.3456065,0.3691121,
2014-08-22,516.1,516.82,493.98,497.68,0.00202,48.2764902,49.2885335,2.430928,0.00202,
2014-08-23,497.68,514.82,496.81,509.71,0.00334,57.756635,38.7280921,3.5085962,0.00334,
2014-08-24,509.71,511.33,499.71,502.93,0.00187,48.6383657,42.921938,8.4359479,0.00187,
2014-08-25,502.93,516.04,501.81,512.56,0.0034,54.2458766,34.0112226,11.7360993,0.0034,
2014-08-26,512.56,527.37,512.66,515.23,2.7603192,49.5537385,19.3104128,27.3884346,0.9870949,
2014-08-27,515.23,521.59,503.34,510.75,20.2774517,37.9916764,26.5734713,13.9814321,1.1759684,
2014-08-28,510.75,515.18,506.69,512.56,1.3169985,47.040035,8.9739663,39.3830672,3.2859331,
2014-08-29,512.56,512.91,503.12,505.96,0.00257,43.9557897,21.9791801,34.0598895,0.00257,
2014-08-30,505.96,508.34,478.31,481.78,7.9165668,79.8417646,1.6830496,0.0048,10.553824,
2014-08-31,481.78,487.47,471.78,477.19,0.00319,46.3216739,41.8495448,11.8223926,0.00319,
2014-09-01,477.19,486.99,470.54,478.94,0.00461,56.9039392,17.2817323,25.805114,0.00461,
2014-09-02,478.94,487.29,476.82,480.04,0.00212,39.2760853,49.2537947,11.0412907,0.4267063,
2014-09-03,480.04,498.47,476.26,490.99,0.00106,31.1269917,50.5012969,18.369594,0.00106,
2014-09-04,490.99,495.02,483.07,483.65,0.00439,30.9186582,32.2341592,36.8384126,0.00439,
2014-09-05,483.65,491.38,480.79,484.47,0.0014,45.5802538,33.0285394,21.3884019,0.0014,
2014-09-06,484.47,490.72,478.49,485.75,0.0025,48.7464067,39.2475941,12.0009999,0.0025,
2014-09-07,485.75,487.02,469.5,475.69,0.00244,51.2751187,36.904153,3.6560711,8.1622214,
2014-09-08,475.69,478.6,467.52,474.90,0.00422,59.2744147,29.3229277,10.7614427,0.6369964,
2014-09-09,474.9,491.04,471.57,479.70,0.0056,31.3693643,45.9311117,22.6883226,0.0056,
2014-09-10,479.7,488.92,474.57,478.49,0.00316,39.2374624,21.0441386,35.282392,4.4328429,
2014-09-11,478.49,479.71,471.14,477.73,0.00181,42.1699394,28.3250385,29.5014026,0.00181,
2014-09-12,477.73,480.64,474.64,478.17,0.00435,34.3447077,42.1690937,23.4775049,0.00435,
2014-09-13,478.17,480.33,471.96,477.74,0.00226,42.9996614,37.6955197,19.3003047,0.00226,
2014-09-14,477.74,479.28,473.7,477.71,0.00633,49.0414426,32.5909522,18.354951,0.00633,
2014-09-15,477.71,478.81,463.95,466.75,0.1987993,38.2856018,39.0729259,22.4407047,0.00197,
2014-09-16,466.75,469.39,458.27,461.09,0.00482,46.7405444,18.795471,34.4543483,0.00482,
2014-09-17,461.09,462.26,408.77,424.26,0.0038,40.8705569,44.2919597,14.8298803,0.0038,
2014-09-18,424.26,429.17,386.1,397.67,0.00311,36.7003576,40.7432748,22.5501477,0.00311,
2014-09-19,397.67,427.69,387.5,411.53,0.00329,52.6262128,44.7327742,2.6344351,0.00329,
2014-09-20,411.53,415.07,394.52,401.62,0.00389,60.886987,35.4055631,3.6996693,0.00389,
2014-09-21,401.62,410.75,398.6,404.09,0.613597,42.6072775,48.1113036,7.850372,0.8174498,
2014-09-22,404.09,445.51,394.75,436.86,0.00188,53.900856,29.8203368,16.2750447,0.00188,
2014-09-23,436.86,439.19,422.1,423.77,0.2601377,43.8714614,44.6365723,11.2267279,0.0051,
2014-09-24,423.77,427.55,409.56,412.29,0.00375,26.6404052,33.3933596,39.9587319,0.00375,
2014-09-25,412.29,416.42,399.7,404.46,0.00167,29.6906013,42.1999833,28.1060796,0.00167,
2014-09-26,404.46,407.07,394.69,399.02,17.7300969,39.1036368,30.7364759,12.4281335,0.00166,
2014-09-27,399.02,402.27,374.12,379.08,5.6906064,11.8507706,7.001806,0.000495,75.4563222,
2014-09-28,379.08,389.26,372.63,376.77,7.1346665,59.7147252,25.7334639,7.4143476,0.0028,
2014-09-29,376.77,395.18,374.73,388.17,0.00143,42.7230583,49.0706797,8.2034092,0.00143,
2014-09-30,388.17,395.13,381.11,382.84,0.0013,40.9106899,46.1872191,12.8994854,0.0013,
2014-10-01,382.84,385.59,371.2,375.14,0.00892,72.2980812,18.7505578,8.9335118,0.00892,
2014-10-02,375.14,378.22,362.81,363.45,2.3618123,50.4898039,25.704544,21.4425284,0.00131,
2014-10-03,363.45,369.88,327.1,335.32,0.0018,40.6654044,37.0588766,22.2721125,0.0018,
2014-10-04,335.32,344.25,294.92,322.86,0.00847,66.9292673,26.6920796,6.3617111,0.00847,
2014-10-05,322.86,347.94,303.05,331.55,0.00203,40.1810599,46.6910792,12.8186349,0.3071915,
2014-10-06,331.55,345.51,321.74,331.65,0.00239,48.6226257,35.3625612,16.0100346,0.00239,
2014-10-07,331.65,351.64,325.43,350.87,5.5208591,33.5618357,53.0614375,7.8553184,0.000549,
2014-10-08,350.87,384.61,347.57,360.91,0.00363,57.1620396,36.1132281,6.7174741,0.00363,
2014-10-09,360.91,378.13,353.32,361.71,0.00248,50.3684406,39.6997891,9.9268081,0.00248,
2014-10-10,361.71,370.15,350.49,361.22,0.8138247,38.5510671,50.1454841,10.4881471,0.00148,
2014-10-11,361.22,374.57,352.25,373.17,6.766652,46.1726217,15.1477724,31.9100132,0.00294,
2014-10-12,373.17,391.22,366.04,387.32,2.5175244,37.5064406,52.6643101,7.130789,0.1809358,
2014-10-13,387.32,407.74,385.72,397.10,0.00325,44.1519234,22.7268301,33.1147541,0.00325,
2014-10-14,397.1,397.87,388.23,393.17,5.3565284,64.6186198,11.0915695,18.929459,0.00382,
2014-10-15,393.17,398.84,371.56,379.77,6.4489328,46.8442916,25.0709067,21.6330039,0.00286,
2014-10-16,379.77,384.76,372.42,380.48,0.0048,61.6207145,17.9860945,20.3836011,0.0048,
2014-10-17,380.48,395.71,373.58,390.88,0.00478,49.5144702,40.6649127,9.81105,0.00478,
2014-10-18,390.88,394.49,383.92,387.28,1.7346353,49.9827685,24.7099368,23.5611717,0.0114877,
2014-10-19,387.28,387.77,378.42,380.39,0.00597,64.464339,25.6699493,9.853775,0.00597,
2014-10-20,380.39,388.24,377.42,382.35,0.00145,45.6771476,14.9604241,39.3595236,0.00145,
2014-10-21,382.35,383.69,376.97,378.93,7.8890297,45.3485425,24.0839318,22.6756795,0.00282,
2014-10-22,378.93,381.08,353.48,355.78,29.5477072,39.8356439,20.7653221,9.8500721,0.00125,
2014-10-23,355.78,360.87,351.41,355.10,7.2500724,55.0623008,24.0567951,13.6250362,0.0058,
2014-10-24,355.1,356.57,341.53,346.72,4.6131681,53.5974643,29.1053162,12.6811699,0.00288,
2014-10-25,346.72,356.8,344.19,348.67,0.00201,43.5152246,38.5910964,17.8896593,0.00201,
2014-10-26,348.67,356.35,344.93,350.09,0.00173,29.5583787,60.2385274,10.199637,0.00173,
2014-10-27,350.09,355.72,348.27,351.06,0.00203,40.1402297,35.9739864,23.8817193,0.00203,
2014-10-28,351.06,352.83,334.72,335.12,0.00518,44.035224,23.0562031,26.4232064,6.4801865,
2014-10-29,335.12,350.38,333.44,344.86,5.4697166,39.2778018,39.9971227,15.2524817,0.00288,
2014-10-30,344.86,347.97,336.08,337.87,0.0180018,35.1215122,33.3213321,31.5211521,0.0180018,
2014-10-31,337.87,339,320.74,325.43,0.00865,51.5015145,28.1350065,20.3461705,0.00865,
2014-11-01,325.43,329.76,319.81,322.55,0.00319,49.196614,47.4397061,3.3572912,0.00319,
2014-11-02,322.55,332.85,321.67,324.24,0.00371,42.29642,15.770729,41.7399369,0.1892042,
2014-11-03,324.24,328.75,320.11,327.96,4.2097882,45.0175291,19.495162,31.274716,0.0028,
2014-11-04,327.96,341.98,326.52,338.01,0.00145,35.2887472,31.1586117,33.5497428,0.00145,
2014-11-05,338.01,351.14,335.74,347.67,0.00318,50.3926244,28.1386107,21.4624066,0.00318,
2014-11-06,347.67,351.61,340.18,341.87,0.00417,27.7067278,42.4953135,29.7896272,0.00417,
2014-11-07,341.87,346.29,339.8,343.54,0.00671,44.9580678,24.8305938,30.1979202,0.00671,
2014-11-08,343.54,362.21,341.78,362.04,3.3193759,54.1552681,22.270401,7.4445582,12.8103967,
2014-11-09,362.04,374.67,356.6,367.15,0.00284,48.3601195,28.7327549,22.9014365,0.00284,
2014-11-10,367.15,370.99,361.87,365.42,3.3273958,55.1027194,21.9712623,19.5962475,0.00238,
2014-11-11,365.42,442.73,365.81,432.03,0.0139762,34.9545772,41.2438854,23.7735849,0.0139762,
2014-11-12,432.03,480.45,390.88,428.72,0.5632247,47.4986195,36.4549972,15.4721149,0.0110436,
2014-11-13,428.72,430.18,381.99,396.53,0.0019,57.3158445,7.9859329,0.0019,34.6944207,
2014-11-14,396.53,407.32,367.97,374.86,0.0056,64.4133296,33.8896668,1.6858023,0.0056,
2014-11-15,374.86,390.36,370.54,385.61,16.2102252,53.392921,11.9199142,18.4745561,0.00238,
2014-11-16,385.61,412.33,378.32,384.69,0.00419,55.3385035,11.5321735,33.120939,0.00419,
2014-11-17,384.69,394.94,371.95,379.16,15.5813111,48.9025715,27.1713147,8.3375589,0.00724,
2014-11-18,379.16,389.29,374.26,381.43,0.00702,59.2844616,22.4552788,18.2462294,0.00702,
2014-11-19,381.43,383.03,355.11,357.30,0.00382,63.3505056,27.4794886,8.9715703,0.1946193,
2014-11-20,357.3,358.73,343.8,351.77,0.0139762,68.4975542,0.0139762,31.4605171,0.0139762,
2014-11-21,351.77,364.21,350.51,352.01,0.00714,72.838272,18.5719386,8.5755087,0.00714,
2014-11-22,352.01,370.59,352.64,365.85,0.00249,52.6733906,22.1666044,25.1550243,0.00249,
2014-11-23,365.85,388.72,361.92,378.85,0.00312,53.9728591,28.3918265,17.629075,0.00312,
2014-11-24,378.85,395.73,370.64,376.43,0.00262,62.724052,24.4088702,12.8618292,0.00262,
2014-11-25,376.43,378.27,363.99,365.35,0.229162,41.7928555,25.6167153,26.5153898,5.8458773,
2014-11-26,365.35,374.43,364.81,368.83,5.5190602,44.1189163,36.6866459,13.6705826,0.0048,
2014-11-27,368.83,383.25,358.37,377.59,5.8297313,49.054689,34.2078557,10.9039654,0.00376,
2014-11-28,377.59,389.3,372.21,376.28,0.0117578,48.8065844,37.0487948,14.1211052,0.0117578,
2014-11-29,376.28,381.06,372.57,374.93,1.2045155,47.5628904,43.6089622,5.9033866,1.7202453,
2014-11-30,374.93,383.58,373.02,378.61,0.00349,58.9809806,27.5728494,13.4391904,0.00349,
2014-12-01,378.61,384.87,375.37,380.64,2.7454655,45.8483368,49.194833,2.2100261,0.00134,
2014-12-02,380.64,384.67,373.64,376.96,0.000933,62.3871961,8.35332,29.2576175,0.000933,
2014-12-03,376.96,380.43,366.24,369.84,0.00749,56.1662299,16.8551104,26.963684,0.00749,
2014-12-04,369.84,379.7,366.39,377.63,1.7357686,52.1290495,25.5992534,20.5332622,0.00267,
2014-12-05,377.63,380.33,372.04,376.26,0.00447,70.2348468,25.2784612,4.4777455,0.00447,
2014-12-06,376.26,377.88,372.46,376.47,0.0079,58.0877124,28.0600553,13.8364283,0.0079,
2014-12-07,376.47,377.36,364.6,364.95,0.00291,61.8570805,16.0122253,22.1248727,0.00291,
2014-12-08,364.95,365.35,343.82,352.19,0.00398,46.6082454,17.7295359,35.6542521,0.00398,
2014-12-09,352.19,354.07,345.09,347.94,0.00353,46.6384031,32.8599187,20.4946123,0.00353,
2014-12-10,347.94,367.13,337.8,347.68,0.00549,60.1538039,37.0832189,2.4773414,0.2801428,
2014-12-11,347.68,356.43,346,353.40,0.0122624,73.5867566,19.0190067,7.3697118,0.0122624,
2014-12-12,353.4,353.1,343.81,348.24,0.00347,50.4280021,20.2772483,29.2878184,0.00347,
2014-12-13,348.24,351.59,344.61,349.35,0.00325,49.5081967,45.2881026,5.1972082,0.00325,
2014-12-14,349.35,351.22,343.56,345.37,0.00709,58.8514711,29.7837646,11.3505849,0.00709,
2014-12-15,345.37,346.45,328.88,330.22,0.3314675,72.6616178,22.5024695,4.50225,0.0022,
2014-12-16,330.22,335.67,314.31,320.02,0.00925,76.8255437,14.8172143,8.3387321,0.00925,
2014-12-17,320.02,325.62,303.4,310.34,0.00221,68.1362681,23.3403385,8.5189691,0.00221,
2014-12-18,310.34,320.24,306.36,317.78,0.00481,62.730113,19.2309541,17.0680125,0.9661139,
2014-12-19,317.78,332.62,316.05,330.35,0.00662,47.672956,52.3071831,0.00662,0.00662,
2014-12-20,330.35,332.03,320.13,322.63,0.00142,67.1841489,28.4084937,4.4045167,0.00142,
2014-12-21,322.63,335.26,319.89,330.84,0.00235,48.0014083,30.6325549,21.3613426,0.00235,
2014-12-22,330.84,339.32,328,335.25,0.00411,68.7142563,16.0501954,8.8500309,6.381403,
2014-12-23,335.25,336.28,320.65,322.40,0.00394,65.868665,23.6679156,10.4555315,0.00394,
2014-12-24,322.4,323.38,316.3,318.99,0.00221,45.2405707,45.6829997,9.0720053,0.00221,
2014-12-25,318.99,332.88,316.36,329.98,0.00394,64.5581578,29.3288723,6.1050974,0.00394,
2014-12-26,329.98,330.7,311.98,315.34,4.774943,45.6378345,40.86704,8.716034,0.00415,
2014-12-27,315.34,322.84,310.5,316.53,0.00793,44.0380801,18.6513288,37.2947243,0.00793,
2014-12-28,316.53,321.61,308.28,314.12,0.00165,39.8169978,27.1222488,33.0574561,0.00165,
2014-12-29,314.12,316.18,309.25,311.27,0.0041,55.115755,19.4673223,25.4087277,0.0041,
2014-12-30,311.27,319.09,308.89,318.24,0.00581,58.4190642,34.2981691,7.2711421,0.00581,
2014-12-31,318.24,321.36,313.54,314.89,0.00528,63.31311,17.6787127,18.997626,0.00528,
2015-01-01,314.89,316.4,313.08,315.21,11.1943566,30.654342,10.707857,47.4385794,0.00486,
2015-01-02,315.21,315.83,284.89,287.13,0.00505,54.7891946,18.4347387,25.2511992,1.5198182,
2015-01-03,287.13,289.94,255.87,264.72,0.00327,65.295369,25.203731,9.4943544,0.00327,
2015-01-04,264.72,278.32,262.89,274.84,0.00186,58.3994058,40.0167115,1.580169,0.00186,
2015-01-05,274.84,285.11,271.52,282.27,0.1352606,55.0351412,34.3482297,10.4787164,0.00265,
2015-01-06,282.27,296.06,280.74,291.34,0.00518,75.1152551,11.4011914,13.4731935,0.00518,
2015-01-07,291.34,292.71,278.99,282.69,0.00215,44.2861761,43.1009589,12.6085551,0.00215,
2015-01-08,282.69,290.59,277.28,287.97,19.6751489,50.5360043,23.1041328,6.6811045,0.00361,
2015-01-09,287.97,289.25,271.98,273.35,2.2354547,56.9433073,25.3095149,15.509242,0.00248,
2015-01-10,273.35,278.01,263.76,264.77,0.862205,34.8626354,32.7824403,31.4912847,0.00143,
2015-01-11,264.77,273.08,263.3,269.33,0.1286093,54.9766738,38.2070357,6.6851595,0.00252,
2015-01-12,269.33,269.1,217.1,221.29,0.00325,53.0790456,35.5494238,11.2027268,0.1655575,
2015-01-13,221.29,230.86,157.29,164.92,0.00188,38.7564669,35.3701439,25.8696266,0.00188,
2015-01-14,164.92,231.26,164.55,209.78,0.00282,45.130447,28.4896347,26.3742773,0.00282,
2015-01-15,209.78,222.63,198.72,206.92,0.00306,49.0781226,31.496713,19.4190491,0.00306,
2015-01-16,206.92,212.59,191.71,199.65,0.00279,56.1231026,43.868542,0.00279,0.00279,
2015-01-17,199.65,220.73,192.51,210.62,0.000837,49.9987448,36.5683444,13.4312372,0.000837,
2015-01-18,210.62,219.48,205.47,215.87,0.00243,56.9821407,28.0670635,14.9459361,0.00243,
2015-01-19,215.87,216.57,203.42,210.55,0.00138,40.1229197,25.9664388,33.9078793,0.00138,
2015-01-20,210.55,229.32,207.11,228.17,3.2321406,48.833484,40.6950006,7.2367911,0.00258,
2015-01-21,228.17,238.78,225.57,232.70,0,0,0,0,0,
2015-01-22,232.7,236.97,224.84,232.17,0.00467,61.9060967,13.5529082,24.5316515,0.00467,
2015-01-23,232.17,248.88,229.58,248.16,0.00258,42.5777319,19.4839376,37.9331699,0.00258,
2015-01-24,248.16,256.43,241.36,252.09,0.00528,58.8288051,33.2418887,7.9187549,0.00528,
2015-01-25,252.09,310.91,251.5,269.18,4.6208489,52.5697034,33.2125733,9.5933227,0.00355,
2015-01-26,269.18,276.9,247.26,263.27,0.6961586,68.7865761,23.4391901,7.0753016,0.00277,
2015-01-27,263.27,267.66,228.06,236.17,0.00427,39.5257424,52.3435163,8.1221961,0.00427,
2015-01-28,236.17,241.51,220.36,233.99,11.1589008,66.1170848,13.1501394,9.56591,0.00796,
2015-01-29,233.99,244.83,227.19,231.84,0.0738007,73.8745387,0.0738007,25.904059,0.0738007,
2015-01-30,231.84,235.36,216.46,218.51,0.00617,52.4591176,21.2958963,26.2326442,0.00617,
2015-01-31,218.51,231.44,209.71,225.29,0.00109,47.4533414,33.0589459,19.4855235,0.00109,
2015-02-01,225.29,242.51,220.53,238.86,1.823699,40.8162646,38.9956001,18.3614019,0.00303,
2015-02-02,238.86,247.48,223.91,227.41,0.0867273,51.6979849,44.1306011,4.0829861,0.0017,
2015-02-03,227.41,230.71,220.23,226.58,26.391489,40.7826481,28.8243784,4.0006598,0.000825,
2015-02-04,226.58,229.85,214.35,216.52,0.00212,41.8235856,34.1810848,23.9910837,0.00212,
2015-02-05,216.52,226.16,215.65,222.96,0.00224,44.7281695,35.9847551,19.2825916,0.00224,
2015-02-06,222.96,231,222.38,227.68,3.3102124,45.9950912,46.3152278,4.3773343,0.00213,
2015-02-07,227.68,230.23,219.5,223.67,0.00431,52.1482439,39.4354665,8.4076708,0.00431,
2015-02-08,223.67,225,215.66,220.34,7.5276426,43.3524989,22.5652366,26.5457762,0.00885,
2015-02-09,220.34,222.19,214.44,219.67,0.00727,38.9022174,41.0832425,20,0.00727,
2015-02-10,219.67,223.53,217.28,218.83,0.40546,43.3745255,43.6168322,12.6015669,0.00162,
2015-02-11,218.83,223,217.3,221.79,0.00285,54.4110526,26.779661,18.8035892,0.00285,
2015-02-12,221.79,241.58,220.62,236.17,0.00449,52.576949,16.4053022,27.6387329,3.3745226,
2015-02-13,236.17,261.25,235.38,258.64,0.00428,55.02462,30.4046243,14.5621923,0.00428,
2015-02-14,258.64,264.57,226.56,233.27,63.1406962,20.8524508,1.8394551,0.8365718,13.3308261,
2015-02-15,233.27,240.03,228.01,235.83,9.734702,53.8621517,26.3991468,10.0013332,0.00267,
2015-02-16,235.83,247.17,232.03,243.20,0.00271,51.6871871,33.8276282,14.4797727,0.00271,
2015-02-17,243.2,245.51,231.7,235.20,0.00325,47.7227723,34.5755559,17.6951794,0.00325,
2015-02-18,235.2,244.11,234.87,241.92,6.4637361,50.9327438,32.396905,10.2049145,0.0017,
2015-02-19,241.92,247.76,238.83,244.52,0.0124922,42.4859463,33.7414116,23.7476577,0.0124922,
2015-02-20,244.52,247.32,242.65,244.41,0.0249688,67.4406991,32.4843945,0.0249688,0.0249688,
2015-02-21,244.41,246.54,232.72,235.73,9.7347834,56.2907842,24.6174394,9.3531769,0.00382,
2015-02-22,235.73,240.06,231.33,238.82,0.00425,47.7648058,25.4765443,26.7501592,0.00425,
2015-02-23,238.82,240.25,235.5,238.89,0.00227,54.4796277,22.5876745,22.928158,0.00227,
2015-02-24,238.89,239.64,234.59,237.33,0.00171,62.2830816,20.8190427,16.8944629,0.00171,
2015-02-25,237.33,238.17,233.5,236.53,9.1952102,54.0295182,11.7014759,25.0682261,0.00557,
2015-02-26,236.53,258.72,235.7,253.47,5.3166381,64.0500856,30.629673,0.0018,0.0018,
2015-02-27,253.47,255.4,248.73,254.06,0.00346,64.3521882,23.5288012,11.59315,0.522401,
2015-02-28,254.06,260.65,244.77,257.94,0.00458,56.7421643,30.8899565,12.358728,0.00458,
2015-03-01,257.94,274.8,256.15,273.75,0.0104657,49.1993721,17.2789116,33.5007849,0.0104657,
2015-03-02,273.75,287.06,266.12,280.65,1.3130651,57.2690342,36.0398375,5.3754423,0.00262,
2015-03-03,280.65,284.47,265.91,271.92,0.00588,51.4613349,27.6448103,20.8820935,0.00588,
2015-03-04,271.92,280.84,262.81,275.23,0.00349,63.8666899,22.8616297,13.2647008,0.00349,
2015-03-05,275.23,277.99,269.02,272.56,0.0074,51.469826,29.6260644,18.8893003,0.0074,
2015-03-06,272.56,278.25,269.41,274.91,0.00435,73.0319496,18.0439035,8.9154532,0.00435,
2015-03-07,274.91,278.78,271.31,274.49,6.5662999,66.014283,16.0239336,11.3916232,0.00386,
2015-03-08,274.49,293.26,273.79,290.02,0.00297,49.8472037,35.4576472,14.6892152,0.00297,
2015-03-09,290.02,300.96,288.12,291.37,0.00318,46.7366079,21.6213639,31.63567,0.00318,
2015-03-10,291.37,297.66,288.88,295.60,0.00496,54.5819896,29.7742496,15.6338378,0.00496,
2015-03-11,295.6,296.98,290.83,293.85,8.193993,56.9522819,26.1370433,8.7140814,0.0026,
2015-03-12,293.85,294.92,286.08,287.21,0.0322061,62.8341385,37.0692432,0.0322061,0.0322061,
2015-03-13,287.21,288.4,279.3,281.60,7.2703973,54.6860316,13.6779154,24.3571123,0.00854,
2015-03-14,281.6,286.39,280.37,284.88,0.0201816,57.5378406,0.0201816,42.4016145,0.0201816,
2015-03-15,284.88,294.01,284.77,290.41,0.0128949,55.4609929,32.8949065,11.6183108,0.0128949,
2015-03-16,290.41,292.46,283.25,285.38,0.00905,63.3288105,11.7684306,19.4572592,5.4364541,
2015-03-17,285.38,285.65,248.19,255.92,0.00502,39.191158,42.4566692,18.3421251,0.00502,
2015-03-18,255.92,264.8,247,260.93,0.00869,51.2907432,22.6075619,26.0843112,0.00869,
2015-03-19,260.93,264.71,257.85,261.78,0.00438,58.8536425,32.8199519,8.3176548,0.00438,
2015-03-20,261.78,263.26,254.02,259.71,0.004,49.7940412,42.7954409,7.4025195,0.004,
2015-03-21,259.71,270.42,259,268.57,0.0166528,33.3222315,39.9833472,26.6611157,0.0166528,
2015-03-22,268.57,271.01,259.38,265.46,0.011422,72.5414049,24.5688178,2.8669332,0.011422,
2015-03-23,265.46,267.02,242.67,246.72,0.00221,45.5821653,20.9711952,33.4422249,0.00221,
2015-03-24,246.72,249.21,234.84,246.37,12.6701571,47.6304678,30.0658673,9.63013,0.00338,
2015-03-25,246.37,254.69,243.52,248.02,2.0265109,73.6957987,15.7312963,8.5419007,0.00449,
2015-03-26,248.02,250.05,244.47,247.21,3.0957905,58.4487902,16.9064192,21.5467904,0.00221,
2015-03-27,247.21,254.25,246.28,252.02,6.3674426,73.5253726,9.2145369,6.0324904,4.8601574,
2015-03-28,252.02,252.81,238.93,242.08,1.9687403,26.5003623,29.5021219,41.8196874,0.2090881,
2015-03-29,242.08,248.83,236.55,246.79,1.9687403,26.5003623,29.5021219,41.8196874,0.2090881,
2015-03-30,246.79,248.7,241.18,244.15,0.00458,78.01876,13.0450698,8.6982384,0.2333562,
2015-03-31,244.15,247.67,239.57,246.24,0.00197,40.2143349,40.8042474,18.977485,0.00197,
2015-04-01,246.24,254.85,244.25,252.60,0.0134138,69.0945674,12.7565392,18.1220657,0.0134138,
2015-04-02,252.6,256.53,251.26,254.48,0.00526,49.7290187,27.3664825,22.8939753,0.00526,
2015-04-03,254.48,255.24,250.31,252.89,1.0391223,62.1030842,24.4297247,12.4239288,0.00414,
2015-04-04,252.89,260.26,250.6,259.64,0.00311,18.8182242,48.829109,32.3464469,0.00311,
2015-04-05,259.64,261.45,252.32,254.97,0.00134,70.5532828,20.1877808,9.2562538,0.00134,
2015-04-06,254.97,255.6,250.15,252.97,1.5953927,43.1344198,23.8965813,31.3711555,0.00245,
2015-04-07,252.97,254.26,242.57,244.57,2.7484807,65.6773182,17.4514801,14.1188002,0.00392,
2015-04-08,244.57,246.22,237.62,243.32,0.00397,44.241222,34.1241817,21.6266614,0.00397,
2015-04-09,243.32,244.11,231.3,234.73,0.00522,63.9571913,27.6742365,8.358131,0.00522,
2015-04-10,234.73,240,233.12,236.48,0.00743,45.3437384,33.0806392,16.7298402,4.8383501,
2015-04-11,236.48,237.52,232.27,235.85,0.0240674,57.7858002,27.7015644,14.4645006,0.0240674,
2015-04-12,235.85,236.75,220.36,223.59,0.00358,41.2148361,43.7233471,15.0546497,0.00358,
2015-04-13,223.59,224.72,214.27,217.99,0.00169,46.0214872,30.6251586,23.3499704,0.00169,
2015-04-14,217.99,223.56,217.15,222.97,3.9136101,53.9973934,23.8354124,18.2498604,0.00372,
2015-04-15,222.97,229.53,222.87,227.98,0.00714,45.7051053,34.9946448,19.2859693,0.00714,
2015-04-16,227.98,229.28,220.56,222.59,0.010805,51.3344138,12.4365208,36.2074554,0.010805,
2015-04-17,222.59,224.47,220.57,223.35,0.00333,47.4954174,31.3314448,21.1664723,0.00333,
2015-04-18,223.35,226.94,221.96,223.02,0.016116,73.3440774,26.6075745,0.016116,0.016116,
2015-04-19,223.02,226.72,221.58,224.24,0.2133445,53.5494666,27.4043087,4.605731,14.2271491,
2015-04-20,224.24,235.27,223.29,233.73,0.00484,43.5778262,39.704672,16.7078189,0.00484,
2015-04-21,233.73,238.4,231.8,233.78,0.00159,43.9567602,32.9083539,23.1317065,0.00159,
2015-04-22,233.78,236.12,232.58,235.40,4.226065,30.375369,18.1442429,47.2458878,0.00844,
2015-04-23,235.4,236.55,229.06,231.09,0.00562,41.8477956,21.909576,32.0190958,4.2179163,
2015-04-24,231.09,232.29,223.05,226.14,0.0028,50.764928,19.1609565,30.0685219,0.0028,
2015-04-25,226.14,226.72,214.14,218.70,0.00697,46.3322884,28.9167537,24.7370254,0.00697,
2015-04-26,218.7,242.65,216.6,228.96,56.4035891,17.9490936,13.5542941,10.0750778,2.0179454,
2015-04-27,228.96,229.87,222.03,225.81,0.00847,51.2579416,22.0330368,26.6920796,0.00847,
2015-04-28,225.81,227.24,222.25,225.42,0.4161567,56.3117095,10.2080783,33.0558956,0.00816,
2015-04-29,225.42,240.01,224.68,235.77,0.00212,32.7664087,44.7481709,22.4811791,0.00212,
2015-04-30,235.77,239.42,232.38,233.21,0.00621,46.2651351,42.539584,11.1828625,0.00621,
2015-05-01,233.21,236.38,231.73,235.34,0.0154919,58.8845856,27.9008521,13.1835786,0.0154919,
2015-05-02,235.34,243.58,233.8,239.99,0.00869,58.2442416,24.3459365,17.3924381,0.00869,
2015-05-03,239.99,243.2,237.45,238.97,0.00356,45.0133428,29.8914784,25.0880626,0.00356,
2015-05-04,238.97,239.61,231.78,235.82,0.00629,50.3049356,38.6733732,11.0091166,0.00629,
2015-05-05,235.82,237.15,228.24,230.03,6.5467185,51.1183807,28.6280924,13.7027193,0.00409,
2015-05-06,230.03,240.25,228.33,237.73,1.2432181,51.6230042,24.6504418,22.4802356,0.0031,
2015-05-07,237.73,247.01,235.77,243.74,12.0866306,27.9133694,38.7421908,21.2494794,0.00833,
2015-05-08,243.74,247.87,238.52,241.40,0.0140746,43.6453202,32.3856439,23.9408867,0.0140746,
2015-05-09,241.4,244.82,238.23,239.96,4.080761,36.8899243,42.7140361,16.3113958,0.00388,
2015-05-10,239.96,243.95,238.86,241.81,8.7049991,52.724791,34.8097594,3.757038,0.00341,
2015-05-11,241.81,243,239.18,241.58,4.3563281,55.415535,27.1700163,13.0472569,0.0108637,
2015-05-12,241.58,243.91,234.07,236.38,0.00458,54.2255777,24.0265385,21.509952,0.2333562,
2015-05-13,236.38,239.17,232.36,236.90,0.00666,66.317894,15.3348884,18.3338887,0.00666,
2015-05-14,236.9,238.83,235.53,237.20,0.010923,52.4412889,33.3260513,14.2108138,0.010923,
2015-05-15,237.2,237.78,234.57,236.23,0.00258,34.4053601,42.6517201,22.9377658,0.00258,
2015-05-16,236.23,237.77,235.35,236.30,0.00284,41.2487555,30.5817096,28.1638458,0.00284,
2015-05-17,236.3,237.1,231.46,232.64,0.00323,29.6758587,40.8030963,29.5145944,0.00323,
2015-05-18,232.64,234.5,231.27,232.02,36.5822547,38.6456575,13.6972425,11.0710936,0.00375,
2015-05-19,232.02,235.17,231.47,233.96,6.6684094,54.5052934,28.6263234,7.8447262,2.3552477,
2015-05-20,233.96,236.65,233.61,235.38,0.00324,43.7562794,32.0888025,24.1484362,0.00324,
2015-05-21,235.38,242,234.56,240.37,3.7540615,60.4898775,34.4963759,1.2546863,0.005,
2015-05-22,240.37,241.73,238.05,238.94,0,0,0,0,0,
2015-05-23,238.94,242.39,237.48,240.98,0,0,0,0,0,
2015-05-24,240.98,241.79,235.81,237.41,0,0,0,0,0,
2015-05-25,237.41,238.99,235.58,237.84,8.5655597,61.9719274,24.3135912,5.1420746,0.00685,
2015-05-26,237.84,238.95,235.89,237.29,0.00276,53.4484187,45.8527828,0.6932744,0.00276,
2015-05-27,237.29,238.41,236.23,237.32,28.3320709,35.1492198,32.7253446,3.7903348,0.00303,
2015-05-28,237.32,237.89,235.13,237.03,0.00319,47.7591439,22.2041207,30.0303466,0.00319,
2015-05-29,237.03,237.06,231.59,233.22,32.6437912,33.7252974,10.5220726,23.1068725,0.00197,
2015-05-30,233.22,233.99,229.13,229.84,37.6215815,44.675164,15.0996164,2.6011632,0.00247,
2015-05-31,229.84,231.76,220.97,223.14,22.6140374,49.6693243,18.8236832,8.8903411,0.00261,
2015-06-01,223.14,227.44,222.25,225.74,25.922151,42.6166418,25.1313593,6.3280907,0.00176,
2015-06-02,225.74,227.86,223.69,225.59,2.1966584,26.8474391,24.382361,46.5680635,0.00548,
2015-06-03,225.59,226.71,223.49,224.22,13.1929377,32.3378005,19.1491172,35.3158902,0.00425,
2015-06-04,224.22,226.36,222.15,225.29,1.5899582,47.1822248,32.4657337,18.7591978,0.00289,
2015-06-05,225.29,225.76,223.53,224.74,2.9755736,71.8134715,18.5196151,6.6765359,0.0148038,
2015-06-06,224.74,226.36,222.21,223.47,0.0073,28.8288946,24.0861,47.0704123,0.0073,
2015-06-07,223.47,229.91,222.99,228.57,9.821883,57.0774264,22.9080334,10.1853871,0.00727,
2015-06-08,228.57,231.36,227.51,229.56,9.1181989,52.2701689,27.075851,11.5304208,0.00536,
2015-06-09,229.56,230.44,227.84,228.79,9.3885474,60.1811711,14.8883856,15.5354254,0.00647,
2015-06-10,228.79,230.64,228.54,229.88,9.867392,59.1703502,23.4682081,7.4872492,0.0068,
2015-06-11,229.88,231.58,229.29,230.46,4.5485082,74.8903379,12.4520846,0.00395,8.1051176,
2015-06-12,230.46,233.14,229.01,232.48,11.4725905,52.3181655,1.7986385,33.3285561,1.0820494,
2015-06-13,232.48,235.51,232.09,233.75,8.8754534,47.1664651,32.2531237,11.6968964,0.00806,
2015-06-14,233.75,238.55,233.29,237.00,6.4452728,33.215859,25.0830227,35.2490681,0.00678,
2015-06-15,237,254.15,235.7,249.82,2.4483448,30.2199511,51.7707176,15.556543,0.00444,
2015-06-16,249.82,258.48,245.09,247.38,10.8864203,41.9451372,34.0104285,13.1534799,0.00453,
2015-06-17,247.38,251.95,242.46,248.44,8.613042,54.2932804,29.4670639,7.6199934,0.00662,
2015-06-18,248.44,250.81,243.65,244.13,1.3464549,55.2493849,19.2395437,24.1601431,0.00447,
2015-06-19,244.13,246.63,238.7,244.98,25.7996798,41.8110656,30.6030955,1.782601,0.00356,
2015-06-20,244.98,246.03,240.94,244.10,30.8730707,38.4750058,19.1246257,11.5226906,0.00461,
2015-06-21,244.1,248.6,243.16,247.46,10.3250655,55.1563704,29.2743799,5.0870436,0.1571407,
2015-06-22,247.46,247.67,242.32,243.76,31.661599,57.9538544,6.263638,4.1173314,0.00358,
2015-06-23,243.76,244.51,239.05,240.56,25.7303239,32.5131564,31.6945387,10.0596421,0.00234,
2015-06-24,240.56,243.65,239.32,242.56,0.00714,30.3534452,43.5630132,26.069261,0.00714,
2015-06-25,242.56,243.49,240.14,242.95,13.5547843,62.8028425,16.8600231,6.7790448,0.00331,
2015-06-26,242.95,251.57,241.83,250.73,10.078066,47.0964493,19.3956182,23.42483,0.00504,
2015-06-27,250.73,251.59,246.62,248.88,22.736266,57.8867607,19.158072,0.2146916,0.00421,
2015-06-28,248.88,257.54,247.96,256.97,0.0243605,29.2570037,41.4372716,29.2570037,0.0243605,
2015-06-29,256.97,268.73,255.37,264.12,2.2124219,58.4417494,32.7159133,6.6225652,0.00735,
2015-06-30,264.12,265,254.41,257.62,5.199785,63.4330765,31.3599713,0.00358,0.00358,
2015-07-01,257.62,261.29,253.09,254.88,0.00403,51.2033864,23.9911308,24.7974199,0.00403,
2015-07-02,254.88,256.71,252.44,255.40,20.4127494,66.5030956,13.0749828,0.00459,0.00459,
2015-07-03,255.4,261.08,253.37,260.55,21.7480281,43.9181411,24.7324664,9.5971008,0.00426,
2015-07-04,260.55,274.14,257.61,270.14,0.00623,55.7521021,44.2292121,0.00623,0.00623,
2015-07-05,270.14,277.48,266.46,269.08,7.8220141,57.782982,15.6284153,18.7509758,0.0156128,
2015-07-06,269.08,271.34,263.21,266.21,17.0739637,65.8412354,0.00542,14.9065294,2.1728529,
2015-07-07,266.21,273.57,263.18,268.64,3.95344,42.614841,39.9127001,13.5148618,0.00416,
2015-07-08,268.64,272.31,265.13,269.14,11.6251614,62.1693414,19.0038738,7.197934,0.00369,
2015-07-09,269.14,297.85,266.91,283.62,11.4368976,54.7007397,23.7659718,10.0919076,0.00448,
2015-07-10,283.62,298.76,282.28,291.97,14.6005108,67.5009121,17.8839839,0.0073,0.0073,
2015-07-11,291.97,315.88,291.26,310.44,73.5978459,13.1849834,3.652626,1.0838414,8.4807032,
2015-07-12,310.44,310.88,276.85,290.35,0.00943,54.7006129,31.126827,0.00943,14.1537011,
2015-07-13,290.35,296.96,285.17,286.96,8.1141788,48.8254562,38.6866324,4.370613,0.00312,
2015-07-14,286.96,292.92,283.17,283.42,13.5651421,66.5156543,16.4507286,3.4655894,0.00289,
2015-07-15,283.42,290.84,273.28,276.59,0.00384,52.0092113,28.4052965,19.5778162,0.00384,
2015-07-16,276.59,280.76,271.17,279.62,0.00348,60.2717297,34.3180631,5.4032399,0.00348,
2015-07-17,279.62,282.53,243.24,274.05,1.4100316,72.9638723,25.6120659,0.00702,0.00702,
2015-07-18,274.05,277.07,271.85,273.18,9.5884232,54.8806615,26.8784063,8.6487502,0.00376,
2015-07-19,273.18,278.85,271.82,277.68,0.00504,69.5089398,15.8700579,14.6109292,0.00504,
2015-07-20,277.68,281.05,274.19,275.09,10.5486584,59.1403017,22.2960886,8.0122814,0.00267,
2015-07-21,275.09,277.39,273.12,276.46,0.5783341,67.6190476,26.6177528,5.1819882,0.00288,
2015-07-22,276.46,277.85,274.47,275.52,9.3480464,41.7768269,37.2728296,11.600045,0.00225,
2015-07-23,275.52,289.81,274.26,288.37,0.00592,43.7799468,34.6110618,21.5971606,0.00592,
2015-07-24,288.37,291.24,284.67,288.74,0.0028,58.0591782,33.237975,8.6972374,0.0028,
2015-07-25,288.74,293.28,286.77,291.77,2.6919845,64.1942531,20.8401949,12.2702067,0.00336,
2015-07-26,291.77,295.79,285.4,293.01,1.575329,52.0565704,17.2893341,29.0748379,0.00393,
2015-07-27,293.01,296.68,291.67,293.70,3.5223569,52.5381306,18.1228002,8.7368009,17.0799114,
2015-07-28,293.7,294.72,286.89,288.37,0.00216,59.3031057,29.3279948,11.3645709,0.00216,
2015-07-29,288.37,289.89,284.91,287.02,0.00422,72.3518245,10.1286648,17.5110736,0.00422,
2015-07-30,287.02,288.69,280.77,283.73,0.00641,44.8638257,32.6882409,18.5901955,3.8513297,
2015-07-31,283.73,284.53,276.3,280.47,8.9660396,43.810125,32.3216766,14.8996339,0.00252,
2015-08-01,280.47,282.5,275.93,281.36,19.0477353,51.6444879,25.1519961,4.153339,0.00244,
2015-08-02,281.36,285,278.94,281.58,0.0049,53.9132566,34.5552561,11.5216859,0.0049,
2015-08-03,281.58,285.66,279.58,284.30,0.00188,49.997186,29.8302223,20.1688397,0.00188,
2015-08-04,284.3,285.45,280.53,281.72,2.6695551,44.3292785,45.6623896,7.3354441,0.00333,
2015-08-05,281.72,281.98,276.46,278.00,0.7316851,35.6737524,56.3835416,7.2091962,0.00182,
2015-08-06,278,279.6,274.28,277.89,0.00775,58.1247578,35.265401,6.5943433,0.00775,
2015-08-07,277.89,278.92,257.42,258.60,5.1749698,50.8567488,17.9313911,20.3447681,5.692122,
2015-08-08,258.6,266.75,258.56,263.87,0.00525,61.1440567,34.1170297,4.7284177,0.00525,
2015-08-09,263.87,266.63,260.52,263.30,4.2176438,46.0599793,38.5824517,11.1383343,0.00159,
2015-08-10,263.3,269.9,261.44,269.03,0.00322,55.3888263,34.619224,9.9855096,0.00322,
2015-08-11,269.03,271.5,263.66,267.66,3.4908006,60.6762805,31.337643,4.4853307,0.00995,
2015-08-12,267.66,268.39,261.28,263.44,5.1131112,56.6820725,33.5733398,4.6266115,0.00486,
2015-08-13,263.44,267.22,260.21,265.03,1.4951887,65.1517395,11.1176906,22.2205774,0.0148038,
2015-08-14,265.03,266.55,259.38,260.52,20.2019522,51.8411309,13.470212,14.4799731,0.00673,
2015-08-15,260.52,261.92,254.57,257.12,15.7331405,52.6161634,24.4114988,7.2355813,0.00362,
2015-08-16,257.12,259.93,252.87,257.13,18.9823116,48.4629675,25.2015185,7.3515871,0.00162,
2015-08-17,257.13,257.53,245.74,246.72,17.7780129,54.3878955,26.2427256,1.5892498,0.00212,
2015-08-18,246.72,247.95,214.29,226.00,30.4003118,45.5999109,17.2607316,6.7379322,0.00111,
2015-08-19,226,238.03,225.54,234.66,15.8552743,53.8485929,22.7631504,7.5318498,0.00113,
2015-08-20,234.66,236.3,230.48,232.40,26.0533996,55.1313372,18.8109394,0.00216,0.00216,
2015-08-21,232.4,235.07,221.04,229.54,9.485733,41.2084049,33.6047748,15.6994522,0.00164,
2015-08-22,229.54,232.7,224.27,226.75,37.8642848,50.7958939,10.6679109,0.6692441,0.00267,
2015-08-23,226.75,228.43,207.82,211.43,19.2177203,47.320267,26.7429106,6.7182518,0.00085,
2015-08-24,211.43,226.55,196.26,220.51,21.5961192,55.0833268,21.0484313,2.2705579,0.00156,
2015-08-25,220.51,230.69,218.79,224.97,9.3367275,49.0765097,25.1760713,16.4078631,0.00283,
2015-08-26,224.97,228.44,222,222.73,22.5251664,54.0897458,18.2596826,5.1219928,0.00341,
2015-08-27,222.73,234.81,219.6,231.64,35.0627615,46.9265399,15.5722684,2.4373709,0.00106,
2015-08-28,231.64,233.09,226.35,228.50,22.4815681,51.4331955,23.3806869,2.7009531,0.0036,
2015-08-29,228.5,232.32,225.44,228.40,8.5908175,51.1101686,34.7810412,5.515852,0.00212,
2015-08-30,228.4,231.79,224.2,229.47,15.3701856,56.0806226,14.5719417,13.9732588,0.00399,
2015-08-31,229.47,231.45,225.76,227.18,23.8091379,52.7828994,12.7666903,10.6392463,0.00203,
2015-09-01,227.18,230.59,225.57,228.63,15.9684662,37.6229917,22.953797,23.4527492,0.002,
2015-09-02,228.63,229.62,225.36,226.20,22.6700042,44.5028508,11.5449868,21.279377,0.00278,
2015-09-03,226.2,231.06,225.75,230.25,32.3979886,39.487264,23.1654439,4.9476548,0.00165,
2015-09-04,230.25,235.61,228.29,233.67,12.5551868,42.7095657,36.3612754,8.3710864,0.00289,
2015-09-05,233.67,243.64,234.74,239.86,29.8855068,38.5423066,24.5797263,6.9868752,0.00559,
2015-09-06,239.86,242.66,237.49,239.58,7.2102318,75.9552358,12.0063949,3.2134293,1.6147082,
2015-09-07,239.58,246.38,239.23,243.24,11.8519159,41.9531182,39.2716893,6.9215466,0.00173,
2015-09-08,243.24,244.34,236.49,237.41,14.7236879,44.7153568,29.7195224,10.8358789,0.00555,
2015-09-09,237.41,240.63,234.31,238.08,15.0215547,65.3622584,17.1074955,2.5059102,0.00278,
2015-09-10,238.08,241.02,237.38,239.90,11.7886333,63.6799088,20.3421403,4.1855161,0.0038,
2015-09-11,239.9,240.32,233.32,235.60,0.0289436,46.3386397,0.0289436,53.5745297,0.0289436,
2015-09-12,235.6,236.16,228.28,230.19,14.4507792,66.1421513,0.0076,19.3918662,0.0076,
2015-09-13,230.19,232.64,225.96,229.91,12.0162632,65.4259841,15.3428202,7.2112364,0.0037,
2015-09-14,229.91,242.83,228.03,229.53,17.8579079,47.4901821,14.2877544,17.5008925,2.8632631,
2015-09-15,229.53,230.89,225.05,228.60,10.2462814,46.5788832,18.7807852,24.3891734,0.00488,
2015-09-16,228.6,235.17,227.95,232.72,41.9579341,32.8179716,10.9040855,14.3178064,0.0022,
2015-09-17,232.72,234.69,230.58,232.21,37.8028965,33.2108795,22.2606853,6.718474,0.00706,
2015-09-18,232.21,233.35,230.21,231.11,0.0144823,65.1846488,34.7719044,0.0144823,0.0144823,
2015-09-19,231.11,232.67,229.93,231.09,10.791673,39.5107127,25.2271691,24.4674062,0.00304,
2015-09-20,231.09,231.63,225,226.33,1.417175,34.7348663,53.0361333,10.8024402,0.00939,
2015-09-21,226.33,233.24,224.07,230.01,7.0264276,51.5653299,23.1047865,18.2997597,0.0037,
2015-09-22,230.01,232.2,228.5,229.89,0.00388,58.0508639,30.0951272,11.8462434,0.00388,
2015-09-23,229.89,235.84,229.57,233.76,0.9329121,53.525367,45.5342873,0.00372,0.00372,
2015-09-24,233.76,237.58,232.7,235.03,0.00495,49.9925761,39.8465726,10.1509527,0.00495,
2015-09-25,235.03,235.71,232.74,234.30,0.00763,77.0774514,14.8874475,8.0198398,0.00763,
2015-09-26,234.3,234.75,231.84,232.50,0.0285307,32.8388017,52.810271,14.2938659,0.0285307,
2015-09-27,232.5,240.39,232.37,238.87,4.588943,54.1449441,33.2340304,8.0263535,0.00573,
2015-09-28,238.87,240.39,234.8,236.71,0.00913,20.5476951,37.4349612,41.9990872,0.00913,
2015-09-29,236.71,237.83,234.39,235.93,9.4579811,55.70363,27.3595226,7.4689209,0.00995,
2015-09-30,235.93,238.66,234.7,237.05,36.2549065,25.4029093,21.2468252,17.0907412,0.00462,
2015-10-01,237.05,238.45,235.14,236.71,12.0642893,23.1140131,41.1953792,23.6162732,0.0100452,
2015-10-02,236.71,239.52,236.07,238.58,0.00309,70.7804049,16.5384021,12.6750116,0.00309,
2015-10-03,238.58,277.58,237.51,238.33,0.00687,57.0319478,30.9240811,12.0302302,0.00687,
2015-10-04,238.33,240.53,236.41,240.15,9.1587469,53.157339,26.406195,11.2706793,0.00704,
2015-10-05,240.15,247.61,239.36,246.14,0.00552,66.2855565,14.9185308,18.7848661,0.00552,
2015-10-06,246.14,247.28,241.65,242.98,5.6413929,63.7382508,27.8417331,2.7768329,0.00179,
2015-10-07,242.98,244.79,241.57,242.58,0.0266312,58.6151798,41.3049268,0.0266312,0.0266312,
2015-10-08,242.58,244.56,241.34,244.04,4.7279378,40.3932327,14.6349642,40.2408169,0.00305,
2015-10-09,244.04,245.93,242.89,245.35,0.0376648,56.5348399,16.9868173,26.4030132,0.0376648,
2015-10-10,245.35,248.26,244.47,247.65,0.00583,44.5992422,34.1066744,21.2824249,0.00583,
2015-10-11,247.65,248.02,244.65,245.35,29.2934437,51.572247,19.1088479,0.0127307,0.0127307,
2015-10-12,245.35,251.19,243.11,248.78,1.0201661,38.6409083,48.6392137,11.6963227,0.00339,
2015-10-13,248.78,255.06,248.28,252.33,0.0107469,51.0585707,31.1767867,17.7431488,0.0107469,
2015-10-14,252.33,256.76,251.17,254.44,41.0122068,35.2516802,10.5637087,11.7981073,1.3742971,
2015-10-15,254.44,267.27,253.93,262.87,0.00833,58.7338609,41.2411495,0.00833,0.00833,
2015-10-16,262.87,275.41,261.74,269.58,0.0104112,63.5190005,30.7235815,5.7365955,0.0104112,
2015-10-17,269.58,272.44,259.53,261.67,0.0125707,56.5807668,25.1539912,18.2401006,0.0125707,
2015-10-18,261.67,265.95,259.89,263.82,0.01638,67.993448,31.957412,0.01638,0.01638,
2015-10-19,263.82,272.12,262.7,269.75,6.9218501,47.3258905,32.9718235,12.7698033,0.0106326,
2015-10-20,269.75,272.17,263.54,267.11,0.00416,37.2105591,44.2776969,18.5034296,0.00416,
2015-10-21,267.11,278.74,266.8,274.42,0.00697,68.6241728,20.5572971,10.8045977,0.00697,
2015-10-22,274.42,279.77,273.17,276.92,2.1169962,64.7644618,29.6167928,3.500122,0.00163,
2015-10-23,276.92,283.05,277.01,282.56,2.0588907,79.6667428,13.0152933,5.2545081,0.00457,
2015-10-24,282.56,295.56,281.75,287.86,4.1995842,87.3596674,8.3575884,0.04158,0.04158,
2015-10-25,287.86,287.62,279.62,285.15,47.5789156,36.5533907,6.1954388,9.6692343,0.00302,
2015-10-26,285.15,298.43,285.09,294.66,0.2786124,76.2141491,14.2092325,9.292543,0.00546,
2015-10-27,294.66,307.46,294.02,303.54,5.6890806,31.5663595,32.3505195,30.3901196,0.00392,
2015-10-28,303.54,318.48,300.16,313.63,0.00405,82.5784254,10.9330095,6.4804695,0.00405,
2015-10-29,313.63,334.92,310.82,327.12,0.0152555,76.2929062,23.6613272,0.0152555,0.0152555,
2015-10-30,327.12,333.25,304.6,311.24,0.00877,54.8092942,39.0267427,6.146427,0.00877,
2015-10-31,311.24,324.34,304.72,322.95,42.9995627,38.7727736,9.3310013,8.8937473,0.00292,
2015-11-01,322.95,365.75,319.75,359.28,0.00581,49.4100552,32.55449,17.7332171,0.2964255,
2015-11-02,359.28,416.78,354.58,396.49,5.6120673,55.1189325,25.7242313,13.5409012,0.00387,
2015-11-03,396.49,492.8,368.62,400.89,12.1452795,50.1061153,21.772235,15.9741823,0.00219,
2015-11-04,400.89,447.24,366.08,382.70,0.0131492,53.2675871,31.5713346,15.1347798,0.0131492,
2015-11-05,382.7,396.35,348.84,369.81,15.6540635,61.7209909,14.3502825,8.2659713,0.00869,
2015-11-06,369.81,391.75,368.98,385.09,0.00836,50.1965705,18.8289419,30.9577583,0.00836,
2015-11-07,385.09,389.78,365.49,371.56,0.834366,39.2482445,23.5522511,36.3568773,0.00826,
2015-11-08,371.56,385.11,360.17,380.22,2.0334969,40.9440027,37.8988327,19.1202842,0.00338,
2015-11-09,380.22,381.38,323.21,336.69,0.00459,60.3118551,30.2728732,9.4060995,0.00459,
2015-11-10,336.69,341.76,292.38,304.71,15.66524,56.9183135,19.4900282,7.924597,0.00182,
2015-11-11,304.71,346.13,306.07,333.85,51.6071908,31.3943297,4.2053484,11.8969681,0.8961631,
2015-11-12,333.85,341.79,323.91,333.77,2.3071013,45.0027439,35.2343321,17.4536275,0.0022,
2015-11-13,333.77,369.8,326.35,331.77,1.9525476,66.907818,18.2886037,12.8432517,0.00778,
2015-11-14,331.77,334.78,314.16,317.45,4.1388356,59.5318333,27.7489658,8.5783473,0.00202,
2015-11-15,317.45,332.01,314.06,330.21,67.7331454,29.5998747,2.6638478,0.00157,0.00157,
2015-11-16,330.21,342.91,328.15,333.91,0.0144823,54.3229544,27.5307748,18.1173063,0.0144823,
2015-11-17,333.91,337.39,329.42,335.92,0.499755,29.4071534,37.2464478,32.8368447,0.0098,
2015-11-18,335.92,335.64,323.36,324.98,0.00714,42.4919672,52.8454124,4.6483399,0.00714,
2015-11-19,324.98,327.06,309.48,321.12,2.295831,56.5505425,37.704169,3.4380354,0.011422,
2015-11-20,321.12,328.42,318.37,324.70,2.0649938,75.6972439,22.2213081,0.00823,0.00823,
2015-11-21,324.7,326.94,319.35,322.78,29.7041152,33.4451876,20.8615803,15.9868496,0.00227,
2015-11-22,322.78,325,319.89,322.12,4.7830243,44.3548079,26.9585165,23.8998279,0.00382,
2015-11-23,322.12,323.26,315.54,318.35,0.0101471,47.7016743,43.6428209,8.6352106,0.0101471,
2015-11-24,318.35,330.04,315.69,327.52,0.00279,39.6908509,16.7135496,43.5900292,0.00279,
2015-11-25,327.52,368.92,327.4,353.74,12.7990708,52.2880372,19.767712,15.1219512,0.0232288,
2015-11-26,353.74,363.9,345.15,359.52,0.00483,42.2651533,55.0639942,2.6611929,0.00483,
2015-11-27,359.52,360.08,350.49,355.83,0.0120409,77.0740518,17.4714028,5.4304636,0.0120409,
2015-11-28,355.83,372.84,354.55,370.84,40.705347,33.5001896,22.1236253,3.4154974,0.2553407,
2015-11-29,370.84,382.56,367.87,377.97,0.00309,69.8997068,20.216016,9.8781052,0.00309,
2015-11-30,377.97,379.02,353.66,361.80,19.7102289,63.175891,10.1477833,6.9603014,0.0058,
2015-12-01,361.8,363.43,347.16,359.98,8.1701249,53.2363158,33.2381936,5.3534879,0.00188,
2015-12-02,359.98,371.37,355.47,360.31,0.0116212,69.1574666,30.80767,0.0116212,0.0116212,
2015-12-03,360.31,363.95,354.31,361.67,0.0145879,31.3785558,31.3785558,37.2137126,0.0145879,
2015-12-04,361.67,390.28,361.5,386.69,14.289793,18.5724483,9.2933619,57.8301213,0.0142755,
2015-12-05,386.69,402.19,382.62,393.38,36.885175,46.5379628,9.6556692,6.9183115,0.00288,
2015-12-06,393.38,398.74,381.69,394.28,0.00888,72.8653932,5.784096,21.332741,0.00888,
2015-12-07,394.28,411.07,388.03,410.67,2.1512008,36.7274087,14.1126997,47.0068218,0.00187,
2015-12-08,410.67,424.58,403.26,416.00,3.0758029,53.1526576,2.7522045,41.017717,0.00162,
2015-12-09,416,420.36,409.53,415.49,0.00689,69.2933471,25.5153395,5.177525,0.00689,
2015-12-10,415.49,453.37,413.72,449.83,4.3878389,70.1232539,5.2095316,17.8088195,2.470556,
2015-12-11,449.83,467.71,403.69,432.29,0.00621,33.2257063,53.095312,13.6665632,0.00621,
2015-12-12,432.29,440.97,420.76,434.69,31.611405,48.3834344,17.5487034,2.0668301,0.3896271,
2015-12-13,434.69,449.45,428.84,442.00,0.00411,76.7850544,21.5602546,1.6464792,0.00411,
2015-12-14,442,464.23,440.72,462.65,3.4866949,54.2203432,15.9214126,23.8796319,2.4919174,
2015-12-15,462.65,465.16,437.37,453.98,0.00427,52.5571459,16.0264901,31.4078188,0.00427,
2015-12-16,453.98,458.44,447.29,455.53,3.4446468,58.0894556,17.4094313,21.0524185,0.00405,
2015-12-17,455.53,466.12,453.46,463.18,18.5737632,57.0524439,19.6137275,4.757094,0.00297,
2015-12-18,463.18,465.99,452.33,461.20,0.0141743,78.681786,12.7710843,8.518781,0.0141743,
2015-12-19,461.2,462.76,431.1,441.78,31.3652898,41.873737,19.9676663,6.7916902,0.00162,
2015-12-20,441.78,445.54,423.99,437.59,7.2006282,73.5531998,10.6033242,8.6402303,0.00262,
2015-12-21,437.59,443.22,433.25,437.03,0.0332779,54.9417637,44.9584027,0.0332779,0.0332779,
2015-12-22,437.03,444.78,434.28,442.43,11.606847,65.1684152,8.2937604,14.9199337,0.0110436,
2015-12-23,442.43,460.62,441.76,452.98,23.4516444,43.3148811,14.65972,18.5672419,0.00651,
2015-12-24,452.98,457.44,449.52,454.05,0.0128123,62.1524664,37.8090967,0.0128123,0.0128123,
2015-12-25,454.05,456.48,400.45,415.37,1.0703985,85.7835701,11.7530178,1.390877,0.00214,
2015-12-26,415.37,425.51,406.09,422.39,19.2475763,59.0392128,12.7362176,8.9740993,0.00289,
2015-12-27,422.39,429.85,417.14,421.76,0.00881,62.9766623,8.8154998,26.428886,1.7701453,
2015-12-28,421.76,433.56,419.3,431.92,18.3959974,47.6800824,31.8607902,1.9145022,0.1486278,
2015-12-29,431.92,435.04,420.77,427.15,4.834593,43.3676124,12.7642176,35.3140875,3.7194895,
2015-12-30,427.15,433.12,417.14,429.95,27.5665577,49.5189164,22.4287716,0.4764129,0.00934,
2015-12-31,429.95,437.95,425.86,433.99,2.1224317,78.5892819,19.2798136,0.00424,0.00424,
2016-01-01,433.99,437.43,430.73,433.72,0.0140746,92.9064039,7.0513723,0.0140746,0.0140746,